gender,Aimag,TIME,value
TOTAL,National average,2024,2332.4
TOTAL,National average,2023,1881.8
TOTAL,National average,2022,1503.8
TOTAL,National average,2021,1279.4
TOTAL,National average,2020,1220.6
TOTAL,National average,2019,1124.3
TOTAL,National average,2018,1002.9
TOTAL,National average,2017,944.5
TOTAL,National average,2016,861.9
TOTAL,National average,2015,808.0
TOTAL,National average,2014,796.6
TOTAL,National average,2013,774.9
TOTAL,National average,2012,557.6
TOTAL,National average,2011,424.1
TOTAL,National average,2010,341.5
TOTAL,National average,2009,300.4
TOTAL,National average,2008,274.2
TOTAL,National average,2007,173.0
TOTAL,National average,2006,127.7
TOTAL,National average,2005,101.2
TOTAL,National average,2004,93.1
TOTAL,National average,2003,81.5
TOTAL,National average,2002,71.3
TOTAL,National average,2001,65.2
TOTAL,National average,2000,62.3
TOTAL,National average,1999,55.4
TOTAL,National average,1998,48.1
TOTAL,National average,1997,37.8
TOTAL,National average,1996,31.9
TOTAL,National average,1995,24.4
TOTAL,Western region,2024,1887.2
TOTAL,Western region,2023,1356.8
TOTAL,Western region,2022,1020.7
TOTAL,Western region,2021,911.5
TOTAL,Western region,2020,878.3
TOTAL,Western region,2019,764.0
TOTAL,Western region,2018,647.7
TOTAL,Western region,2017,626.3
TOTAL,Western region,2016,607.5
TOTAL,Western region,2015,601.9
TOTAL,Western region,2014,587.8
TOTAL,Western region,2013,560.8
TOTAL,Western region,2012,459.5
TOTAL,Western region,2011,330.9
TOTAL,Western region,2010,279.9
TOTAL,Western region,2009,264.1
TOTAL,Western region,2008,254.4
TOTAL,Western region,2007,156.1
TOTAL,Western region,2006,114.1
TOTAL,Western region,2005,89.1
TOTAL,Western region,2004,86.3
TOTAL,Western region,2003,73.4
TOTAL,Western region,2002,62.3
TOTAL,Western region,2001,54.0
TOTAL,Western region,2000,58.2
TOTAL,Western region,1999,
TOTAL,Western region,1998,
TOTAL,Western region,1997,
TOTAL,Western region,1996,
TOTAL,Western region,1995,
TOTAL,   Bayan-Ulgii,2024,1757.5
TOTAL,   Bayan-Ulgii,2023,1247.2
TOTAL,   Bayan-Ulgii,2022,943.4
TOTAL,   Bayan-Ulgii,2021,851.9
TOTAL,   Bayan-Ulgii,2020,825.0
TOTAL,   Bayan-Ulgii,2019,718.8
TOTAL,   Bayan-Ulgii,2018,593.5
TOTAL,   Bayan-Ulgii,2017,591.0
TOTAL,   Bayan-Ulgii,2016,573.1
TOTAL,   Bayan-Ulgii,2015,577.8
TOTAL,   Bayan-Ulgii,2014,552.8
TOTAL,   Bayan-Ulgii,2013,527.3
TOTAL,   Bayan-Ulgii,2012,417.4
TOTAL,   Bayan-Ulgii,2011,305.6
TOTAL,   Bayan-Ulgii,2010,258.9
TOTAL,   Bayan-Ulgii,2009,243.7
TOTAL,   Bayan-Ulgii,2008,243.0
TOTAL,   Bayan-Ulgii,2007,141.3
TOTAL,   Bayan-Ulgii,2006,99.1
TOTAL,   Bayan-Ulgii,2005,81.4
TOTAL,   Bayan-Ulgii,2004,80.2
TOTAL,   Bayan-Ulgii,2003,69.3
TOTAL,   Bayan-Ulgii,2002,57.5
TOTAL,   Bayan-Ulgii,2001,52.2
TOTAL,   Bayan-Ulgii,2000,48.9
TOTAL,   Bayan-Ulgii,1999,
TOTAL,   Bayan-Ulgii,1998,
TOTAL,   Bayan-Ulgii,1997,
TOTAL,   Bayan-Ulgii,1996,
TOTAL,   Bayan-Ulgii,1995,
TOTAL,   Govi-Altai,2024,1932.3
TOTAL,   Govi-Altai,2023,1372.6
TOTAL,   Govi-Altai,2022,1029.6
TOTAL,   Govi-Altai,2021,935.5
TOTAL,   Govi-Altai,2020,901.1
TOTAL,   Govi-Altai,2019,789.7
TOTAL,   Govi-Altai,2018,675.0
TOTAL,   Govi-Altai,2017,648.4
TOTAL,   Govi-Altai,2016,631.5
TOTAL,   Govi-Altai,2015,612.7
TOTAL,   Govi-Altai,2014,612.6
TOTAL,   Govi-Altai,2013,603.2
TOTAL,   Govi-Altai,2012,483.4
TOTAL,   Govi-Altai,2011,335.0
TOTAL,   Govi-Altai,2010,277.6
TOTAL,   Govi-Altai,2009,268.1
TOTAL,   Govi-Altai,2008,260.9
TOTAL,   Govi-Altai,2007,158.8
TOTAL,   Govi-Altai,2006,115.5
TOTAL,   Govi-Altai,2005,87.1
TOTAL,   Govi-Altai,2004,80.8
TOTAL,   Govi-Altai,2003,70.8
TOTAL,   Govi-Altai,2002,60.1
TOTAL,   Govi-Altai,2001,50.4
TOTAL,   Govi-Altai,2000,64.3
TOTAL,   Govi-Altai,1999,
TOTAL,   Govi-Altai,1998,
TOTAL,   Govi-Altai,1997,
TOTAL,   Govi-Altai,1996,
TOTAL,   Govi-Altai,1995,
TOTAL,   Zavkhan,2024,1998.3
TOTAL,   Zavkhan,2023,1441.4
TOTAL,   Zavkhan,2022,1051.4
TOTAL,   Zavkhan,2021,932.8
TOTAL,   Zavkhan,2020,916.6
TOTAL,   Zavkhan,2019,789.2
TOTAL,   Zavkhan,2018,665.8
TOTAL,   Zavkhan,2017,634.8
TOTAL,   Zavkhan,2016,620.3
TOTAL,   Zavkhan,2015,596.4
TOTAL,   Zavkhan,2014,593.8
TOTAL,   Zavkhan,2013,604.6
TOTAL,   Zavkhan,2012,499.0
TOTAL,   Zavkhan,2011,356.6
TOTAL,   Zavkhan,2010,290.8
TOTAL,   Zavkhan,2009,273.3
TOTAL,   Zavkhan,2008,258.2
TOTAL,   Zavkhan,2007,166.3
TOTAL,   Zavkhan,2006,123.4
TOTAL,   Zavkhan,2005,90.9
TOTAL,   Zavkhan,2004,84.7
TOTAL,   Zavkhan,2003,71.9
TOTAL,   Zavkhan,2002,63.2
TOTAL,   Zavkhan,2001,52.9
TOTAL,   Zavkhan,2000,50.7
TOTAL,   Zavkhan,1999,
TOTAL,   Zavkhan,1998,
TOTAL,   Zavkhan,1997,
TOTAL,   Zavkhan,1996,
TOTAL,   Zavkhan,1995,
TOTAL,   Uvs,2024,1909.9
TOTAL,   Uvs,2023,1372.2
TOTAL,   Uvs,2022,1021.5
TOTAL,   Uvs,2021,905.4
TOTAL,   Uvs,2020,870.9
TOTAL,   Uvs,2019,763.1
TOTAL,   Uvs,2018,640.9
TOTAL,   Uvs,2017,623.1
TOTAL,   Uvs,2016,604.2
TOTAL,   Uvs,2015,603.4
TOTAL,   Uvs,2014,585.1
TOTAL,   Uvs,2013,576.4
TOTAL,   Uvs,2012,449.8
TOTAL,   Uvs,2011,340.4
TOTAL,   Uvs,2010,294.5
TOTAL,   Uvs,2009,267.8
TOTAL,   Uvs,2008,269.4
TOTAL,   Uvs,2007,152.2
TOTAL,   Uvs,2006,114.6
TOTAL,   Uvs,2005,87.6
TOTAL,   Uvs,2004,89.9
TOTAL,   Uvs,2003,76.7
TOTAL,   Uvs,2002,66.5
TOTAL,   Uvs,2001,55.9
TOTAL,   Uvs,2000,51.5
TOTAL,   Uvs,1999,
TOTAL,   Uvs,1998,
TOTAL,   Uvs,1997,
TOTAL,   Uvs,1996,
TOTAL,   Uvs,1995,
TOTAL,   Khovd,2024,1897.5
TOTAL,   Khovd,2023,1384.2
TOTAL,   Khovd,2022,1067.1
TOTAL,   Khovd,2021,942.9
TOTAL,   Khovd,2020,892.8
TOTAL,   Khovd,2019,772.9
TOTAL,   Khovd,2018,675.8
TOTAL,   Khovd,2017,643.2
TOTAL,   Khovd,2016,617.6
TOTAL,   Khovd,2015,620.9
TOTAL,   Khovd,2014,601.7
TOTAL,   Khovd,2013,539.8
TOTAL,   Khovd,2012,464.2
TOTAL,   Khovd,2011,330.1
TOTAL,   Khovd,2010,286.3
TOTAL,   Khovd,2009,273.3
TOTAL,   Khovd,2008,248.4
TOTAL,   Khovd,2007,163.3
TOTAL,   Khovd,2006,119.3
TOTAL,   Khovd,2005,96.3
TOTAL,   Khovd,2004,91.4
TOTAL,   Khovd,2003,76.2
TOTAL,   Khovd,2002,63.0
TOTAL,   Khovd,2001,59.1
TOTAL,   Khovd,2000,82.7
TOTAL,   Khovd,1999,
TOTAL,   Khovd,1998,
TOTAL,   Khovd,1997,
TOTAL,   Khovd,1996,
TOTAL,   Khovd,1995,
TOTAL,Khangai region,2024,2264.3
TOTAL,Khangai region,2023,1719.2
TOTAL,Khangai region,2022,1334.3
TOTAL,Khangai region,2021,1157.3
TOTAL,Khangai region,2020,1104.0
TOTAL,Khangai region,2019,967.9
TOTAL,Khangai region,2018,828.4
TOTAL,Khangai region,2017,767.8
TOTAL,Khangai region,2016,763.8
TOTAL,Khangai region,2015,743.9
TOTAL,Khangai region,2014,741.9
TOTAL,Khangai region,2013,626.1
TOTAL,Khangai region,2012,550.0
TOTAL,Khangai region,2011,400.4
TOTAL,Khangai region,2010,322.1
TOTAL,Khangai region,2009,292.2
TOTAL,Khangai region,2008,267.7
TOTAL,Khangai region,2007,167.9
TOTAL,Khangai region,2006,126.0
TOTAL,Khangai region,2005,103.0
TOTAL,Khangai region,2004,92.2
TOTAL,Khangai region,2003,79.7
TOTAL,Khangai region,2002,65.6
TOTAL,Khangai region,2001,60.3
TOTAL,Khangai region,2000,55.4
TOTAL,Khangai region,1999,
TOTAL,Khangai region,1998,
TOTAL,Khangai region,1997,
TOTAL,Khangai region,1996,
TOTAL,Khangai region,1995,
TOTAL,   Arkhangai,2024,1855.7
TOTAL,   Arkhangai,2023,1337.1
TOTAL,   Arkhangai,2022,996.7
TOTAL,   Arkhangai,2021,890.9
TOTAL,   Arkhangai,2020,859.9
TOTAL,   Arkhangai,2019,741.8
TOTAL,   Arkhangai,2018,620.7
TOTAL,   Arkhangai,2017,593.1
TOTAL,   Arkhangai,2016,590.1
TOTAL,   Arkhangai,2015,591.4
TOTAL,   Arkhangai,2014,581.3
TOTAL,   Arkhangai,2013,565.3
TOTAL,   Arkhangai,2012,503.4
TOTAL,   Arkhangai,2011,368.7
TOTAL,   Arkhangai,2010,297.0
TOTAL,   Arkhangai,2009,267.7
TOTAL,   Arkhangai,2008,254.2
TOTAL,   Arkhangai,2007,148.2
TOTAL,   Arkhangai,2006,108.4
TOTAL,   Arkhangai,2005,85.5
TOTAL,   Arkhangai,2004,77.3
TOTAL,   Arkhangai,2003,64.8
TOTAL,   Arkhangai,2002,61.4
TOTAL,   Arkhangai,2001,50.1
TOTAL,   Arkhangai,2000,49.4
TOTAL,   Arkhangai,1999,
TOTAL,   Arkhangai,1998,
TOTAL,   Arkhangai,1997,
TOTAL,   Arkhangai,1996,
TOTAL,   Arkhangai,1995,
TOTAL,   Bayankhongor,2024,1906.8
TOTAL,   Bayankhongor,2023,1353.2
TOTAL,   Bayankhongor,2022,1024.5
TOTAL,   Bayankhongor,2021,912.0
TOTAL,   Bayankhongor,2020,863.3
TOTAL,   Bayankhongor,2019,776.2
TOTAL,   Bayankhongor,2018,656.5
TOTAL,   Bayankhongor,2017,623.5
TOTAL,   Bayankhongor,2016,610.9
TOTAL,   Bayankhongor,2015,602.9
TOTAL,   Bayankhongor,2014,588.5
TOTAL,   Bayankhongor,2013,565.5
TOTAL,   Bayankhongor,2012,505.7
TOTAL,   Bayankhongor,2011,380.9
TOTAL,   Bayankhongor,2010,297.8
TOTAL,   Bayankhongor,2009,270.6
TOTAL,   Bayankhongor,2008,257.3
TOTAL,   Bayankhongor,2007,152.8
TOTAL,   Bayankhongor,2006,107.2
TOTAL,   Bayankhongor,2005,88.1
TOTAL,   Bayankhongor,2004,84.7
TOTAL,   Bayankhongor,2003,74.0
TOTAL,   Bayankhongor,2002,62.2
TOTAL,   Bayankhongor,2001,62.5
TOTAL,   Bayankhongor,2000,50.0
TOTAL,   Bayankhongor,1999,
TOTAL,   Bayankhongor,1998,
TOTAL,   Bayankhongor,1997,
TOTAL,   Bayankhongor,1996,
TOTAL,   Bayankhongor,1995,
TOTAL,   Bulgan,2024,1947.0
TOTAL,   Bulgan,2023,1396.4
TOTAL,   Bulgan,2022,1024.1
TOTAL,   Bulgan,2021,902.2
TOTAL,   Bulgan,2020,857.4
TOTAL,   Bulgan,2019,767.8
TOTAL,   Bulgan,2018,652.1
TOTAL,   Bulgan,2017,638.8
TOTAL,   Bulgan,2016,612.1
TOTAL,   Bulgan,2015,607.8
TOTAL,   Bulgan,2014,583.6
TOTAL,   Bulgan,2013,621.6
TOTAL,   Bulgan,2012,528.6
TOTAL,   Bulgan,2011,395.8
TOTAL,   Bulgan,2010,311.5
TOTAL,   Bulgan,2009,305.8
TOTAL,   Bulgan,2008,270.3
TOTAL,   Bulgan,2007,155.4
TOTAL,   Bulgan,2006,116.6
TOTAL,   Bulgan,2005,103.3
TOTAL,   Bulgan,2004,93.2
TOTAL,   Bulgan,2003,74.7
TOTAL,   Bulgan,2002,65.3
TOTAL,   Bulgan,2001,56.3
TOTAL,   Bulgan,2000,42.3
TOTAL,   Bulgan,1999,
TOTAL,   Bulgan,1998,
TOTAL,   Bulgan,1997,
TOTAL,   Bulgan,1996,
TOTAL,   Bulgan,1995,
TOTAL,   Uvurkhangai,2024,1928.3
TOTAL,   Uvurkhangai,2023,1413.7
TOTAL,   Uvurkhangai,2022,1086.7
TOTAL,   Uvurkhangai,2021,919.7
TOTAL,   Uvurkhangai,2020,891.0
TOTAL,   Uvurkhangai,2019,777.5
TOTAL,   Uvurkhangai,2018,653.1
TOTAL,   Uvurkhangai,2017,631.5
TOTAL,   Uvurkhangai,2016,598.6
TOTAL,   Uvurkhangai,2015,578.2
TOTAL,   Uvurkhangai,2014,572.9
TOTAL,   Uvurkhangai,2013,587.5
TOTAL,   Uvurkhangai,2012,495.5
TOTAL,   Uvurkhangai,2011,364.0
TOTAL,   Uvurkhangai,2010,298.1
TOTAL,   Uvurkhangai,2009,276.0
TOTAL,   Uvurkhangai,2008,256.5
TOTAL,   Uvurkhangai,2007,146.8
TOTAL,   Uvurkhangai,2006,113.1
TOTAL,   Uvurkhangai,2005,93.6
TOTAL,   Uvurkhangai,2004,87.2
TOTAL,   Uvurkhangai,2003,66.3
TOTAL,   Uvurkhangai,2002,67.4
TOTAL,   Uvurkhangai,2001,47.2
TOTAL,   Uvurkhangai,2000,57.1
TOTAL,   Uvurkhangai,1999,
TOTAL,   Uvurkhangai,1998,
TOTAL,   Uvurkhangai,1997,
TOTAL,   Uvurkhangai,1996,
TOTAL,   Uvurkhangai,1995,
TOTAL,   Khuvsgul,2024,1808.1
TOTAL,   Khuvsgul,2023,1300.5
TOTAL,   Khuvsgul,2022,990.4
TOTAL,   Khuvsgul,2021,878.8
TOTAL,   Khuvsgul,2020,853.3
TOTAL,   Khuvsgul,2019,736.3
TOTAL,   Khuvsgul,2018,619.9
TOTAL,   Khuvsgul,2017,605.7
TOTAL,   Khuvsgul,2016,575.5
TOTAL,   Khuvsgul,2015,573.9
TOTAL,   Khuvsgul,2014,565.3
TOTAL,   Khuvsgul,2013,608.8
TOTAL,   Khuvsgul,2012,425.9
TOTAL,   Khuvsgul,2011,310.3
TOTAL,   Khuvsgul,2010,271.0
TOTAL,   Khuvsgul,2009,268.1
TOTAL,   Khuvsgul,2008,239.2
TOTAL,   Khuvsgul,2007,140.4
TOTAL,   Khuvsgul,2006,102.0
TOTAL,   Khuvsgul,2005,72.9
TOTAL,   Khuvsgul,2004,73.0
TOTAL,   Khuvsgul,2003,58.3
TOTAL,   Khuvsgul,2002,51.6
TOTAL,   Khuvsgul,2001,51.9
TOTAL,   Khuvsgul,2000,50.9
TOTAL,   Khuvsgul,1999,
TOTAL,   Khuvsgul,1998,
TOTAL,   Khuvsgul,1997,
TOTAL,   Khuvsgul,1996,
TOTAL,   Khuvsgul,1995,
TOTAL,   Orkhon,2024,3104.6
TOTAL,   Orkhon,2023,2505.6
TOTAL,   Orkhon,2022,2013.8
TOTAL,   Orkhon,2021,1723.5
TOTAL,   Orkhon,2020,1628.3
TOTAL,   Orkhon,2019,1417.6
TOTAL,   Orkhon,2018,1216.4
TOTAL,   Orkhon,2017,1061.9
TOTAL,   Orkhon,2016,1124.3
TOTAL,   Orkhon,2015,1069.1
TOTAL,   Orkhon,2014,1022.0
TOTAL,   Orkhon,2013,687.3
TOTAL,   Orkhon,2012,645.6
TOTAL,   Orkhon,2011,462.9
TOTAL,   Orkhon,2010,372.5
TOTAL,   Orkhon,2009,319.5
TOTAL,   Orkhon,2008,286.4
TOTAL,   Orkhon,2007,195.5
TOTAL,   Orkhon,2006,149.0
TOTAL,   Orkhon,2005,121.6
TOTAL,   Orkhon,2004,107.0
TOTAL,   Orkhon,2003,98.3
TOTAL,   Orkhon,2002,72.5
TOTAL,   Orkhon,2001,71.4
TOTAL,   Orkhon,2000,65.9
TOTAL,   Orkhon,1999,
TOTAL,   Orkhon,1998,
TOTAL,   Orkhon,1997,
TOTAL,   Orkhon,1996,
TOTAL,   Orkhon,1995,
TOTAL,Central region,2024,2360.6
TOTAL,Central region,2023,1858.1
TOTAL,Central region,2022,1403.7
TOTAL,Central region,2021,1158.7
TOTAL,Central region,2020,1088.7
TOTAL,Central region,2019,960.5
TOTAL,Central region,2018,829.1
TOTAL,Central region,2017,774.5
TOTAL,Central region,2016,712.9
TOTAL,Central region,2015,700.7
TOTAL,Central region,2014,692.2
TOTAL,Central region,2013,696.7
TOTAL,Central region,2012,566.5
TOTAL,Central region,2011,452.0
TOTAL,Central region,2010,359.3
TOTAL,Central region,2009,298.1
TOTAL,Central region,2008,292.0
TOTAL,Central region,2007,177.5
TOTAL,Central region,2006,136.0
TOTAL,Central region,2005,108.0
TOTAL,Central region,2004,99.3
TOTAL,Central region,2003,84.5
TOTAL,Central region,2002,73.1
TOTAL,Central region,2001,63.7
TOTAL,Central region,2000,61.1
TOTAL,Central region,1999,
TOTAL,Central region,1998,
TOTAL,Central region,1997,
TOTAL,Central region,1996,
TOTAL,Central region,1995,
TOTAL,   Dornogovi,2024,2318.0
TOTAL,   Dornogovi,2023,1808.0
TOTAL,   Dornogovi,2022,1383.2
TOTAL,   Dornogovi,2021,1213.8
TOTAL,   Dornogovi,2020,1131.9
TOTAL,   Dornogovi,2019,1014.7
TOTAL,   Dornogovi,2018,895.5
TOTAL,   Dornogovi,2017,839.1
TOTAL,   Dornogovi,2016,779.3
TOTAL,   Dornogovi,2015,755.6
TOTAL,   Dornogovi,2014,739.6
TOTAL,   Dornogovi,2013,643.6
TOTAL,   Dornogovi,2012,488.6
TOTAL,   Dornogovi,2011,359.8
TOTAL,   Dornogovi,2010,303.2
TOTAL,   Dornogovi,2009,278.1
TOTAL,   Dornogovi,2008,253.4
TOTAL,   Dornogovi,2007,146.5
TOTAL,   Dornogovi,2006,115.3
TOTAL,   Dornogovi,2005,83.9
TOTAL,   Dornogovi,2004,74.9
TOTAL,   Dornogovi,2003,64.6
TOTAL,   Dornogovi,2002,51.4
TOTAL,   Dornogovi,2001,61.5
TOTAL,   Dornogovi,2000,40.3
TOTAL,   Dornogovi,1999,
TOTAL,   Dornogovi,1998,
TOTAL,   Dornogovi,1997,
TOTAL,   Dornogovi,1996,
TOTAL,   Dornogovi,1995,
TOTAL,   Dundgovi,2024,2036.1
TOTAL,   Dundgovi,2023,1422.8
TOTAL,   Dundgovi,2022,1095.5
TOTAL,   Dundgovi,2021,970.3
TOTAL,   Dundgovi,2020,919.1
TOTAL,   Dundgovi,2019,799.9
TOTAL,   Dundgovi,2018,656.3
TOTAL,   Dundgovi,2017,642.5
TOTAL,   Dundgovi,2016,636.7
TOTAL,   Dundgovi,2015,619.4
TOTAL,   Dundgovi,2014,592.1
TOTAL,   Dundgovi,2013,652.0
TOTAL,   Dundgovi,2012,490.2
TOTAL,   Dundgovi,2011,351.1
TOTAL,   Dundgovi,2010,292.0
TOTAL,   Dundgovi,2009,263.9
TOTAL,   Dundgovi,2008,258.6
TOTAL,   Dundgovi,2007,148.7
TOTAL,   Dundgovi,2006,108.1
TOTAL,   Dundgovi,2005,86.5
TOTAL,   Dundgovi,2004,78.7
TOTAL,   Dundgovi,2003,64.5
TOTAL,   Dundgovi,2002,58.1
TOTAL,   Dundgovi,2001,54.6
TOTAL,   Dundgovi,2000,46.2
TOTAL,   Dundgovi,1999,
TOTAL,   Dundgovi,1998,
TOTAL,   Dundgovi,1997,
TOTAL,   Dundgovi,1996,
TOTAL,   Dundgovi,1995,
TOTAL,   Umnugovi,2024,2824.5
TOTAL,   Umnugovi,2023,2383.9
TOTAL,   Umnugovi,2022,1748.5
TOTAL,   Umnugovi,2021,1264.3
TOTAL,   Umnugovi,2020,1220.3
TOTAL,   Umnugovi,2019,1080.4
TOTAL,   Umnugovi,2018,933.9
TOTAL,   Umnugovi,2017,857.7
TOTAL,   Umnugovi,2016,750.7
TOTAL,   Umnugovi,2015,801.3
TOTAL,   Umnugovi,2014,785.1
TOTAL,   Umnugovi,2013,1031.9
TOTAL,   Umnugovi,2012,581.3
TOTAL,   Umnugovi,2011,519.4
TOTAL,   Umnugovi,2010,377.9
TOTAL,   Umnugovi,2009,296.6
TOTAL,   Umnugovi,2008,287.1
TOTAL,   Umnugovi,2007,193.4
TOTAL,   Umnugovi,2006,127.3
TOTAL,   Umnugovi,2005,97.1
TOTAL,   Umnugovi,2004,92.6
TOTAL,   Umnugovi,2003,78.9
TOTAL,   Umnugovi,2002,64.6
TOTAL,   Umnugovi,2001,62.2
TOTAL,   Umnugovi,2000,56.3
TOTAL,   Umnugovi,1999,
TOTAL,   Umnugovi,1998,
TOTAL,   Umnugovi,1997,
TOTAL,   Umnugovi,1996,
TOTAL,   Umnugovi,1995,
TOTAL,   Selenge,2024,2228.8
TOTAL,   Selenge,2023,1657.5
TOTAL,   Selenge,2022,1315.9
TOTAL,   Selenge,2021,1130.9
TOTAL,   Selenge,2020,1043.0
TOTAL,   Selenge,2019,921.8
TOTAL,   Selenge,2018,789.0
TOTAL,   Selenge,2017,710.8
TOTAL,   Selenge,2016,667.2
TOTAL,   Selenge,2015,668.4
TOTAL,   Selenge,2014,639.3
TOTAL,   Selenge,2013,639.4
TOTAL,   Selenge,2012,508.5
TOTAL,   Selenge,2011,427.7
TOTAL,   Selenge,2010,307.7
TOTAL,   Selenge,2009,287.1
TOTAL,   Selenge,2008,291.5
TOTAL,   Selenge,2007,166.9
TOTAL,   Selenge,2006,134.6
TOTAL,   Selenge,2005,108.6
TOTAL,   Selenge,2004,79.2
TOTAL,   Selenge,2003,75.4
TOTAL,   Selenge,2002,66.4
TOTAL,   Selenge,2001,59.3
TOTAL,   Selenge,2000,60.1
TOTAL,   Selenge,1999,
TOTAL,   Selenge,1998,
TOTAL,   Selenge,1997,
TOTAL,   Selenge,1996,
TOTAL,   Selenge,1995,
TOTAL,   Tuv,2024,2010.9
TOTAL,   Tuv,2023,1497.6
TOTAL,   Tuv,2022,1131.6
TOTAL,   Tuv,2021,1000.5
TOTAL,   Tuv,2020,946.7
TOTAL,   Tuv,2019,788.4
TOTAL,   Tuv,2018,671.0
TOTAL,   Tuv,2017,656.1
TOTAL,   Tuv,2016,623.3
TOTAL,   Tuv,2015,600.0
TOTAL,   Tuv,2014,580.6
TOTAL,   Tuv,2013,564.2
TOTAL,   Tuv,2012,466.9
TOTAL,   Tuv,2011,331.9
TOTAL,   Tuv,2010,286.5
TOTAL,   Tuv,2009,255.5
TOTAL,   Tuv,2008,243.7
TOTAL,   Tuv,2007,142.5
TOTAL,   Tuv,2006,96.0
TOTAL,   Tuv,2005,74.5
TOTAL,   Tuv,2004,75.3
TOTAL,   Tuv,2003,70.1
TOTAL,   Tuv,2002,66.2
TOTAL,   Tuv,2001,54.6
TOTAL,   Tuv,2000,45.0
TOTAL,   Tuv,1999,
TOTAL,   Tuv,1998,
TOTAL,   Tuv,1997,
TOTAL,   Tuv,1996,
TOTAL,   Tuv,1995,
TOTAL,   Darkhan-Uul,2024,2139.7
TOTAL,   Darkhan-Uul,2023,1669.0
TOTAL,   Darkhan-Uul,2022,1308.5
TOTAL,   Darkhan-Uul,2021,1151.1
TOTAL,   Darkhan-Uul,2020,1078.0
TOTAL,   Darkhan-Uul,2019,961.8
TOTAL,   Darkhan-Uul,2018,845.1
TOTAL,   Darkhan-Uul,2017,805.2
TOTAL,   Darkhan-Uul,2016,739.4
TOTAL,   Darkhan-Uul,2015,695.7
TOTAL,   Darkhan-Uul,2014,714.2
TOTAL,   Darkhan-Uul,2013,664.8
TOTAL,   Darkhan-Uul,2012,612.8
TOTAL,   Darkhan-Uul,2011,483.8
TOTAL,   Darkhan-Uul,2010,395.8
TOTAL,   Darkhan-Uul,2009,304.2
TOTAL,   Darkhan-Uul,2008,311.3
TOTAL,   Darkhan-Uul,2007,197.6
TOTAL,   Darkhan-Uul,2006,153.2
TOTAL,   Darkhan-Uul,2005,124.5
TOTAL,   Darkhan-Uul,2004,133.6
TOTAL,   Darkhan-Uul,2003,104.8
TOTAL,   Darkhan-Uul,2002,89.0
TOTAL,   Darkhan-Uul,2001,74.1
TOTAL,   Darkhan-Uul,2000,70.1
TOTAL,   Darkhan-Uul,1999,
TOTAL,   Darkhan-Uul,1998,
TOTAL,   Darkhan-Uul,1997,
TOTAL,   Darkhan-Uul,1996,
TOTAL,   Darkhan-Uul,1995,
TOTAL,   Govisumber,2024,2421.8
TOTAL,   Govisumber,2023,1885.5
TOTAL,   Govisumber,2022,1480.4
TOTAL,   Govisumber,2021,1271.0
TOTAL,   Govisumber,2020,1177.0
TOTAL,   Govisumber,2019,1052.8
TOTAL,   Govisumber,2018,918.0
TOTAL,   Govisumber,2017,873.5
TOTAL,   Govisumber,2016,799.9
TOTAL,   Govisumber,2015,769.0
TOTAL,   Govisumber,2014,755.9
TOTAL,   Govisumber,2013,797.1
TOTAL,   Govisumber,2012,736.9
TOTAL,   Govisumber,2011,606.8
TOTAL,   Govisumber,2010,531.7
TOTAL,   Govisumber,2009,409.4
TOTAL,   Govisumber,2008,352.9
TOTAL,   Govisumber,2007,224.7
TOTAL,   Govisumber,2006,184.6
TOTAL,   Govisumber,2005,145.5
TOTAL,   Govisumber,2004,123.8
TOTAL,   Govisumber,2003,110.3
TOTAL,   Govisumber,2002,88.7
TOTAL,   Govisumber,2001,75.7
TOTAL,   Govisumber,2000,75.9
TOTAL,   Govisumber,1999,
TOTAL,   Govisumber,1998,
TOTAL,   Govisumber,1997,
TOTAL,   Govisumber,1996,
TOTAL,   Govisumber,1995,
TOTAL,Eastern region,2024,2072.2
TOTAL,Eastern region,2023,1576.7
TOTAL,Eastern region,2022,1183.4
TOTAL,Eastern region,2021,1042.3
TOTAL,Eastern region,2020,987.0
TOTAL,Eastern region,2019,856.7
TOTAL,Eastern region,2018,728.2
TOTAL,Eastern region,2017,705.6
TOTAL,Eastern region,2016,663.0
TOTAL,Eastern region,2015,635.0
TOTAL,Eastern region,2014,602.3
TOTAL,Eastern region,2013,630.0
TOTAL,Eastern region,2012,488.6
TOTAL,Eastern region,2011,365.6
TOTAL,Eastern region,2010,306.2
TOTAL,Eastern region,2009,280.9
TOTAL,Eastern region,2008,255.6
TOTAL,Eastern region,2007,161.1
TOTAL,Eastern region,2006,113.5
TOTAL,Eastern region,2005,90.0
TOTAL,Eastern region,2004,74.9
TOTAL,Eastern region,2003,67.0
TOTAL,Eastern region,2002,59.4
TOTAL,Eastern region,2001,55.2
TOTAL,Eastern region,2000,50.8
TOTAL,Eastern region,1999,
TOTAL,Eastern region,1998,
TOTAL,Eastern region,1997,
TOTAL,Eastern region,1996,
TOTAL,Eastern region,1995,
TOTAL,   Dornod,2024,2065.7
TOTAL,   Dornod,2023,1647.3
TOTAL,   Dornod,2022,1225.3
TOTAL,   Dornod,2021,1070.0
TOTAL,   Dornod,2020,1009.5
TOTAL,   Dornod,2019,894.5
TOTAL,   Dornod,2018,780.1
TOTAL,   Dornod,2017,778.9
TOTAL,   Dornod,2016,712.2
TOTAL,   Dornod,2015,688.0
TOTAL,   Dornod,2014,633.0
TOTAL,   Dornod,2013,642.0
TOTAL,   Dornod,2012,559.3
TOTAL,   Dornod,2011,413.3
TOTAL,   Dornod,2010,332.2
TOTAL,   Dornod,2009,310.9
TOTAL,   Dornod,2008,275.4
TOTAL,   Dornod,2007,168.4
TOTAL,   Dornod,2006,122.4
TOTAL,   Dornod,2005,96.2
TOTAL,   Dornod,2004,69.6
TOTAL,   Dornod,2003,60.6
TOTAL,   Dornod,2002,59.3
TOTAL,   Dornod,2001,52.5
TOTAL,   Dornod,2000,46.4
TOTAL,   Dornod,1999,
TOTAL,   Dornod,1998,
TOTAL,   Dornod,1997,
TOTAL,   Dornod,1996,
TOTAL,   Dornod,1995,
TOTAL,   Sukhbaatar,2024,1986.4
TOTAL,   Sukhbaatar,2023,1438.4
TOTAL,   Sukhbaatar,2022,1095.7
TOTAL,   Sukhbaatar,2021,957.2
TOTAL,   Sukhbaatar,2020,910.8
TOTAL,   Sukhbaatar,2019,797.8
TOTAL,   Sukhbaatar,2018,690.1
TOTAL,   Sukhbaatar,2017,658.3
TOTAL,   Sukhbaatar,2016,629.6
TOTAL,   Sukhbaatar,2015,595.1
TOTAL,   Sukhbaatar,2014,563.2
TOTAL,   Sukhbaatar,2013,623.6
TOTAL,   Sukhbaatar,2012,438.4
TOTAL,   Sukhbaatar,2011,332.4
TOTAL,   Sukhbaatar,2010,283.6
TOTAL,   Sukhbaatar,2009,266.3
TOTAL,   Sukhbaatar,2008,259.7
TOTAL,   Sukhbaatar,2007,176.0
TOTAL,   Sukhbaatar,2006,107.9
TOTAL,   Sukhbaatar,2005,86.0
TOTAL,   Sukhbaatar,2004,81.4
TOTAL,   Sukhbaatar,2003,71.9
TOTAL,   Sukhbaatar,2002,62.2
TOTAL,   Sukhbaatar,2001,61.1
TOTAL,   Sukhbaatar,2000,61.0
TOTAL,   Sukhbaatar,1999,
TOTAL,   Sukhbaatar,1998,
TOTAL,   Sukhbaatar,1997,
TOTAL,   Sukhbaatar,1996,
TOTAL,   Sukhbaatar,1995,
TOTAL,   Khentii,2024,2144.1
TOTAL,   Khentii,2023,1594.2
TOTAL,   Khentii,2022,1196.1
TOTAL,   Khentii,2021,1071.7
TOTAL,   Khentii,2020,1015.3
TOTAL,   Khentii,2019,854.9
TOTAL,   Khentii,2018,694.7
TOTAL,   Khentii,2017,652.7
TOTAL,   Khentii,2016,628.7
TOTAL,   Khentii,2015,605.3
TOTAL,   Khentii,2014,598.4
TOTAL,   Khentii,2013,615.7
TOTAL,   Khentii,2012,386.7
TOTAL,   Khentii,2011,297.4
TOTAL,   Khentii,2010,252.7
TOTAL,   Khentii,2009,222.1
TOTAL,   Khentii,2008,195.5
TOTAL,   Khentii,2007,125.7
TOTAL,   Khentii,2006,105.1
TOTAL,   Khentii,2005,83.8
TOTAL,   Khentii,2004,75.1
TOTAL,   Khentii,2003,68.8
TOTAL,   Khentii,2002,55.9
TOTAL,   Khentii,2001,53.1
TOTAL,   Khentii,2000,47.2
TOTAL,   Khentii,1999,
TOTAL,   Khentii,1998,
TOTAL,   Khentii,1997,
TOTAL,   Khentii,1996,
TOTAL,   Khentii,1995,
TOTAL,Ulaanbaatar,2024,2390.7
TOTAL,Ulaanbaatar,2023,1970.7
TOTAL,Ulaanbaatar,2022,1608.8
TOTAL,Ulaanbaatar,2021,1370.7
TOTAL,Ulaanbaatar,2020,1312.6
TOTAL,Ulaanbaatar,2019,1232.2
TOTAL,Ulaanbaatar,2018,1119.7
TOTAL,Ulaanbaatar,2017,1062.4
TOTAL,Ulaanbaatar,2016,953.4
TOTAL,Ulaanbaatar,2015,877.7
TOTAL,Ulaanbaatar,2014,869.4
TOTAL,Ulaanbaatar,2013,830.3
TOTAL,Ulaanbaatar,2012,610.7
TOTAL,Ulaanbaatar,2011,470.3
TOTAL,Ulaanbaatar,2010,375.0
TOTAL,Ulaanbaatar,2009,328.9
TOTAL,Ulaanbaatar,2008,275.2
TOTAL,Ulaanbaatar,2007,185.8
TOTAL,Ulaanbaatar,2006,133.4
TOTAL,Ulaanbaatar,2005,104.0
TOTAL,Ulaanbaatar,2004,96.1
TOTAL,Ulaanbaatar,2003,89.4
TOTAL,Ulaanbaatar,2002,82.0
TOTAL,Ulaanbaatar,2001,77.5
TOTAL,Ulaanbaatar,2000,74.4
TOTAL,Ulaanbaatar,1999,
TOTAL,Ulaanbaatar,1998,
TOTAL,Ulaanbaatar,1997,
TOTAL,Ulaanbaatar,1996,
TOTAL,Ulaanbaatar,1995,
TOTAL,   Ulaanbaatar,2024,2390.7
TOTAL,   Ulaanbaatar,2023,1970.7
TOTAL,   Ulaanbaatar,2022,1608.8
TOTAL,   Ulaanbaatar,2021,1370.7
TOTAL,   Ulaanbaatar,2020,1312.6
TOTAL,   Ulaanbaatar,2019,1232.2
TOTAL,   Ulaanbaatar,2018,1119.7
TOTAL,   Ulaanbaatar,2017,1062.4
TOTAL,   Ulaanbaatar,2016,953.4
TOTAL,   Ulaanbaatar,2015,877.7
TOTAL,   Ulaanbaatar,2014,869.4
TOTAL,   Ulaanbaatar,2013,830.3
TOTAL,   Ulaanbaatar,2012,610.7
TOTAL,   Ulaanbaatar,2011,470.3
TOTAL,   Ulaanbaatar,2010,375.0
TOTAL,   Ulaanbaatar,2009,328.9
TOTAL,   Ulaanbaatar,2008,275.2
TOTAL,   Ulaanbaatar,2007,185.8
TOTAL,   Ulaanbaatar,2006,133.4
TOTAL,   Ulaanbaatar,2005,104.0
TOTAL,   Ulaanbaatar,2004,96.1
TOTAL,   Ulaanbaatar,2003,89.4
TOTAL,   Ulaanbaatar,2002,82.0
TOTAL,   Ulaanbaatar,2001,77.5
TOTAL,   Ulaanbaatar,2000,74.4
TOTAL,   Ulaanbaatar,1999,
TOTAL,   Ulaanbaatar,1998,
TOTAL,   Ulaanbaatar,1997,
TOTAL,   Ulaanbaatar,1996,
TOTAL,   Ulaanbaatar,1995,
FEMALE,National average,2024,2077.1
FEMALE,National average,2023,1651.9
FEMALE,National average,2022,1360.5
FEMALE,National average,2021,1163.1
FEMALE,National average,2020,1109.6
FEMALE,National average,2019,1021.3
FEMALE,National average,2018,903.3
FEMALE,National average,2017,860.4
FEMALE,National average,2016,811.0
FEMALE,National average,2015,760.7
FEMALE,National average,2014,733.3
FEMALE,National average,2013,688.5
FEMALE,National average,2012,524.3
FEMALE,National average,2011,381.3
FEMALE,National average,2010,314.5
FEMALE,National average,2009,279.9
FEMALE,National average,2008,258.1
FEMALE,National average,2007,159.3
FEMALE,National average,2006,117.3
FEMALE,National average,2005,92.3
FEMALE,National average,2004,88.0
FEMALE,National average,2003,76.0
FEMALE,National average,2002,65.9
FEMALE,National average,2001,61.0
FEMALE,National average,2000,59.8
FEMALE,National average,1999,
FEMALE,National average,1998,
FEMALE,National average,1997,
FEMALE,National average,1996,
FEMALE,National average,1995,
FEMALE,Western region,2024,1906.4
FEMALE,Western region,2023,1360.8
FEMALE,Western region,2022,1049.4
FEMALE,Western region,2021,931.2
FEMALE,Western region,2020,894.5
FEMALE,Western region,2019,772.8
FEMALE,Western region,2018,640.9
FEMALE,Western region,2017,620.3
FEMALE,Western region,2016,606.6
FEMALE,Western region,2015,603.2
FEMALE,Western region,2014,588.8
FEMALE,Western region,2013,541.2
FEMALE,Western region,2012,455.4
FEMALE,Western region,2011,316.8
FEMALE,Western region,2010,278.4
FEMALE,Western region,2009,255.3
FEMALE,Western region,2008,250.7
FEMALE,Western region,2007,148.7
FEMALE,Western region,2006,107.8
FEMALE,Western region,2005,80.6
FEMALE,Western region,2004,81.9
FEMALE,Western region,2003,68.3
FEMALE,Western region,2002,59.1
FEMALE,Western region,2001,50.0
FEMALE,Western region,2000,53.7
FEMALE,Western region,1999,
FEMALE,Western region,1998,
FEMALE,Western region,1997,
FEMALE,Western region,1996,
FEMALE,Western region,1995,
FEMALE,   Bayan-Ulgii,2024,1737.2
FEMALE,   Bayan-Ulgii,2023,1236.0
FEMALE,   Bayan-Ulgii,2022,976.1
FEMALE,   Bayan-Ulgii,2021,870.0
FEMALE,   Bayan-Ulgii,2020,837.4
FEMALE,   Bayan-Ulgii,2019,715.3
FEMALE,   Bayan-Ulgii,2018,577.3
FEMALE,   Bayan-Ulgii,2017,575.3
FEMALE,   Bayan-Ulgii,2016,559.4
FEMALE,   Bayan-Ulgii,2015,563.3
FEMALE,   Bayan-Ulgii,2014,541.0
FEMALE,   Bayan-Ulgii,2013,496.3
FEMALE,   Bayan-Ulgii,2012,400.5
FEMALE,   Bayan-Ulgii,2011,268.3
FEMALE,   Bayan-Ulgii,2010,250.6
FEMALE,   Bayan-Ulgii,2009,229.3
FEMALE,   Bayan-Ulgii,2008,247.7
FEMALE,   Bayan-Ulgii,2007,135.6
FEMALE,   Bayan-Ulgii,2006,94.3
FEMALE,   Bayan-Ulgii,2005,63.5
FEMALE,   Bayan-Ulgii,2004,71.3
FEMALE,   Bayan-Ulgii,2003,63.3
FEMALE,   Bayan-Ulgii,2002,52.6
FEMALE,   Bayan-Ulgii,2001,47.8
FEMALE,   Bayan-Ulgii,2000,41.0
FEMALE,   Bayan-Ulgii,1999,
FEMALE,   Bayan-Ulgii,1998,
FEMALE,   Bayan-Ulgii,1997,
FEMALE,   Bayan-Ulgii,1996,
FEMALE,   Bayan-Ulgii,1995,
FEMALE,   Govi-Altai,2024,1972.9
FEMALE,   Govi-Altai,2023,1400.1
FEMALE,   Govi-Altai,2022,1081.6
FEMALE,   Govi-Altai,2021,966.8
FEMALE,   Govi-Altai,2020,927.3
FEMALE,   Govi-Altai,2019,809.5
FEMALE,   Govi-Altai,2018,681.5
FEMALE,   Govi-Altai,2017,652.4
FEMALE,   Govi-Altai,2016,642.6
FEMALE,   Govi-Altai,2015,617.0
FEMALE,   Govi-Altai,2014,601.6
FEMALE,   Govi-Altai,2013,615.2
FEMALE,   Govi-Altai,2012,487.4
FEMALE,   Govi-Altai,2011,327.0
FEMALE,   Govi-Altai,2010,264.4
FEMALE,   Govi-Altai,2009,244.4
FEMALE,   Govi-Altai,2008,251.7
FEMALE,   Govi-Altai,2007,152.6
FEMALE,   Govi-Altai,2006,110.2
FEMALE,   Govi-Altai,2005,82.1
FEMALE,   Govi-Altai,2004,75.2
FEMALE,   Govi-Altai,2003,64.2
FEMALE,   Govi-Altai,2002,52.6
FEMALE,   Govi-Altai,2001,45.5
FEMALE,   Govi-Altai,2000,64.6
FEMALE,   Govi-Altai,1999,
FEMALE,   Govi-Altai,1998,
FEMALE,   Govi-Altai,1997,
FEMALE,   Govi-Altai,1996,
FEMALE,   Govi-Altai,1995,
FEMALE,   Zavkhan,2024,2024.1
FEMALE,   Zavkhan,2023,1438.0
FEMALE,   Zavkhan,2022,1078.1
FEMALE,   Zavkhan,2021,954.6
FEMALE,   Zavkhan,2020,920.9
FEMALE,   Zavkhan,2019,796.4
FEMALE,   Zavkhan,2018,659.1
FEMALE,   Zavkhan,2017,633.7
FEMALE,   Zavkhan,2016,628.8
FEMALE,   Zavkhan,2015,613.2
FEMALE,   Zavkhan,2014,609.4
FEMALE,   Zavkhan,2013,622.8
FEMALE,   Zavkhan,2012,488.8
FEMALE,   Zavkhan,2011,342.5
FEMALE,   Zavkhan,2010,306.0
FEMALE,   Zavkhan,2009,273.0
FEMALE,   Zavkhan,2008,246.1
FEMALE,   Zavkhan,2007,161.9
FEMALE,   Zavkhan,2006,109.8
FEMALE,   Zavkhan,2005,83.6
FEMALE,   Zavkhan,2004,77.5
FEMALE,   Zavkhan,2003,67.7
FEMALE,   Zavkhan,2002,61.5
FEMALE,   Zavkhan,2001,49.2
FEMALE,   Zavkhan,2000,44.9
FEMALE,   Zavkhan,1999,
FEMALE,   Zavkhan,1998,
FEMALE,   Zavkhan,1997,
FEMALE,   Zavkhan,1996,
FEMALE,   Zavkhan,1995,
FEMALE,   Uvs,2024,1920.5
FEMALE,   Uvs,2023,1372.6
FEMALE,   Uvs,2022,1047.5
FEMALE,   Uvs,2021,929.5
FEMALE,   Uvs,2020,890.6
FEMALE,   Uvs,2019,784.5
FEMALE,   Uvs,2018,644.7
FEMALE,   Uvs,2017,622.5
FEMALE,   Uvs,2016,604.1
FEMALE,   Uvs,2015,610.9
FEMALE,   Uvs,2014,597.3
FEMALE,   Uvs,2013,525.3
FEMALE,   Uvs,2012,427.8
FEMALE,   Uvs,2011,332.2
FEMALE,   Uvs,2010,284.0
FEMALE,   Uvs,2009,257.0
FEMALE,   Uvs,2008,265.4
FEMALE,   Uvs,2007,134.0
FEMALE,   Uvs,2006,106.3
FEMALE,   Uvs,2005,75.9
FEMALE,   Uvs,2004,86.6
FEMALE,   Uvs,2003,67.8
FEMALE,   Uvs,2002,61.7
FEMALE,   Uvs,2001,52.1
FEMALE,   Uvs,2000,42.6
FEMALE,   Uvs,1999,
FEMALE,   Uvs,1998,
FEMALE,   Uvs,1997,
FEMALE,   Uvs,1996,
FEMALE,   Uvs,1995,
FEMALE,   Khovd,2024,1943.6
FEMALE,   Khovd,2023,1397.6
FEMALE,   Khovd,2022,1081.1
FEMALE,   Khovd,2021,951.0
FEMALE,   Khovd,2020,910.7
FEMALE,   Khovd,2019,774.6
FEMALE,   Khovd,2018,657.4
FEMALE,   Khovd,2017,629.4
FEMALE,   Khovd,2016,610.3
FEMALE,   Khovd,2015,615.3
FEMALE,   Khovd,2014,599.6
FEMALE,   Khovd,2013,523.8
FEMALE,   Khovd,2012,482.2
FEMALE,   Khovd,2011,325.1
FEMALE,   Khovd,2010,294.9
FEMALE,   Khovd,2009,278.6
FEMALE,   Khovd,2008,249.3
FEMALE,   Khovd,2007,156.9
FEMALE,   Khovd,2006,116.6
FEMALE,   Khovd,2005,91.5
FEMALE,   Khovd,2004,90.5
FEMALE,   Khovd,2003,78.4
FEMALE,   Khovd,2002,62.5
FEMALE,   Khovd,2001,56.0
FEMALE,   Khovd,2000,88.8
FEMALE,   Khovd,1999,
FEMALE,   Khovd,1998,
FEMALE,   Khovd,1997,
FEMALE,   Khovd,1996,
FEMALE,   Khovd,1995,
FEMALE,Khangai region,2024,2049.1
FEMALE,Khangai region,2023,1534.6
FEMALE,Khangai region,2022,1197.0
FEMALE,Khangai region,2021,1048.1
FEMALE,Khangai region,2020,991.1
FEMALE,Khangai region,2019,863.5
FEMALE,Khangai region,2018,731.5
FEMALE,Khangai region,2017,692.9
FEMALE,Khangai region,2016,682.6
FEMALE,Khangai region,2015,670.6
FEMALE,Khangai region,2014,654.8
FEMALE,Khangai region,2013,587.9
FEMALE,Khangai region,2012,526.5
FEMALE,Khangai region,2011,380.5
FEMALE,Khangai region,2010,314.6
FEMALE,Khangai region,2009,283.8
FEMALE,Khangai region,2008,258.8
FEMALE,Khangai region,2007,156.0
FEMALE,Khangai region,2006,120.7
FEMALE,Khangai region,2005,95.4
FEMALE,Khangai region,2004,88.3
FEMALE,Khangai region,2003,76.0
FEMALE,Khangai region,2002,60.4
FEMALE,Khangai region,2001,56.0
FEMALE,Khangai region,2000,51.7
FEMALE,Khangai region,1999,
FEMALE,Khangai region,1998,
FEMALE,Khangai region,1997,
FEMALE,Khangai region,1996,
FEMALE,Khangai region,1995,
FEMALE,   Arkhangai,2024,1920.7
FEMALE,   Arkhangai,2023,1399.5
FEMALE,   Arkhangai,2022,1058.5
FEMALE,   Arkhangai,2021,947.8
FEMALE,   Arkhangai,2020,905.5
FEMALE,   Arkhangai,2019,776.0
FEMALE,   Arkhangai,2018,639.3
FEMALE,   Arkhangai,2017,609.8
FEMALE,   Arkhangai,2016,613.3
FEMALE,   Arkhangai,2015,614.1
FEMALE,   Arkhangai,2014,607.4
FEMALE,   Arkhangai,2013,575.2
FEMALE,   Arkhangai,2012,488.3
FEMALE,   Arkhangai,2011,359.0
FEMALE,   Arkhangai,2010,288.9
FEMALE,   Arkhangai,2009,257.8
FEMALE,   Arkhangai,2008,253.4
FEMALE,   Arkhangai,2007,144.0
FEMALE,   Arkhangai,2006,110.6
FEMALE,   Arkhangai,2005,87.3
FEMALE,   Arkhangai,2004,75.4
FEMALE,   Arkhangai,2003,64.2
FEMALE,   Arkhangai,2002,56.3
FEMALE,   Arkhangai,2001,48.7
FEMALE,   Arkhangai,2000,52.4
FEMALE,   Arkhangai,1999,
FEMALE,   Arkhangai,1998,
FEMALE,   Arkhangai,1997,
FEMALE,   Arkhangai,1996,
FEMALE,   Arkhangai,1995,
FEMALE,   Bayankhongor,2024,1927.9
FEMALE,   Bayankhongor,2023,1383.3
FEMALE,   Bayankhongor,2022,1070.9
FEMALE,   Bayankhongor,2021,948.7
FEMALE,   Bayankhongor,2020,884.9
FEMALE,   Bayankhongor,2019,795.7
FEMALE,   Bayankhongor,2018,662.6
FEMALE,   Bayankhongor,2017,634.5
FEMALE,   Bayankhongor,2016,624.7
FEMALE,   Bayankhongor,2015,619.0
FEMALE,   Bayankhongor,2014,606.3
FEMALE,   Bayankhongor,2013,567.7
FEMALE,   Bayankhongor,2012,504.2
FEMALE,   Bayankhongor,2011,372.2
FEMALE,   Bayankhongor,2010,289.2
FEMALE,   Bayankhongor,2009,264.9
FEMALE,   Bayankhongor,2008,249.4
FEMALE,   Bayankhongor,2007,148.0
FEMALE,   Bayankhongor,2006,108.8
FEMALE,   Bayankhongor,2005,88.6
FEMALE,   Bayankhongor,2004,79.6
FEMALE,   Bayankhongor,2003,72.2
FEMALE,   Bayankhongor,2002,58.5
FEMALE,   Bayankhongor,2001,59.3
FEMALE,   Bayankhongor,2000,44.1
FEMALE,   Bayankhongor,1999,
FEMALE,   Bayankhongor,1998,
FEMALE,   Bayankhongor,1997,
FEMALE,   Bayankhongor,1996,
FEMALE,   Bayankhongor,1995,
FEMALE,   Bulgan,2024,1956.0
FEMALE,   Bulgan,2023,1397.1
FEMALE,   Bulgan,2022,1053.4
FEMALE,   Bulgan,2021,932.1
FEMALE,   Bulgan,2020,879.9
FEMALE,   Bulgan,2019,787.0
FEMALE,   Bulgan,2018,663.1
FEMALE,   Bulgan,2017,647.0
FEMALE,   Bulgan,2016,629.6
FEMALE,   Bulgan,2015,624.3
FEMALE,   Bulgan,2014,595.1
FEMALE,   Bulgan,2013,619.7
FEMALE,   Bulgan,2012,552.4
FEMALE,   Bulgan,2011,384.4
FEMALE,   Bulgan,2010,312.7
FEMALE,   Bulgan,2009,307.4
FEMALE,   Bulgan,2008,297.9
FEMALE,   Bulgan,2007,158.5
FEMALE,   Bulgan,2006,118.7
FEMALE,   Bulgan,2005,95.8
FEMALE,   Bulgan,2004,90.3
FEMALE,   Bulgan,2003,70.7
FEMALE,   Bulgan,2002,62.8
FEMALE,   Bulgan,2001,54.6
FEMALE,   Bulgan,2000,42.0
FEMALE,   Bulgan,1999,
FEMALE,   Bulgan,1998,
FEMALE,   Bulgan,1997,
FEMALE,   Bulgan,1996,
FEMALE,   Bulgan,1995,
FEMALE,   Uvurkhangai,2024,1953.6
FEMALE,   Uvurkhangai,2023,1440.1
FEMALE,   Uvurkhangai,2022,1122.6
FEMALE,   Uvurkhangai,2021,964.1
FEMALE,   Uvurkhangai,2020,924.0
FEMALE,   Uvurkhangai,2019,803.8
FEMALE,   Uvurkhangai,2018,671.0
FEMALE,   Uvurkhangai,2017,650.9
FEMALE,   Uvurkhangai,2016,621.6
FEMALE,   Uvurkhangai,2015,599.8
FEMALE,   Uvurkhangai,2014,591.4
FEMALE,   Uvurkhangai,2013,578.8
FEMALE,   Uvurkhangai,2012,501.5
FEMALE,   Uvurkhangai,2011,375.9
FEMALE,   Uvurkhangai,2010,305.0
FEMALE,   Uvurkhangai,2009,283.1
FEMALE,   Uvurkhangai,2008,270.2
FEMALE,   Uvurkhangai,2007,151.2
FEMALE,   Uvurkhangai,2006,117.0
FEMALE,   Uvurkhangai,2005,99.1
FEMALE,   Uvurkhangai,2004,87.4
FEMALE,   Uvurkhangai,2003,66.9
FEMALE,   Uvurkhangai,2002,67.5
FEMALE,   Uvurkhangai,2001,45.3
FEMALE,   Uvurkhangai,2000,48.1
FEMALE,   Uvurkhangai,1999,
FEMALE,   Uvurkhangai,1998,
FEMALE,   Uvurkhangai,1997,
FEMALE,   Uvurkhangai,1996,
FEMALE,   Uvurkhangai,1995,
FEMALE,   Khuvsgul,2024,1844.9
FEMALE,   Khuvsgul,2023,1335.3
FEMALE,   Khuvsgul,2022,1028.2
FEMALE,   Khuvsgul,2021,903.9
FEMALE,   Khuvsgul,2020,871.5
FEMALE,   Khuvsgul,2019,744.6
FEMALE,   Khuvsgul,2018,618.8
FEMALE,   Khuvsgul,2017,608.0
FEMALE,   Khuvsgul,2016,581.1
FEMALE,   Khuvsgul,2015,582.7
FEMALE,   Khuvsgul,2014,576.5
FEMALE,   Khuvsgul,2013,615.1
FEMALE,   Khuvsgul,2012,442.3
FEMALE,   Khuvsgul,2011,309.3
FEMALE,   Khuvsgul,2010,276.0
FEMALE,   Khuvsgul,2009,268.9
FEMALE,   Khuvsgul,2008,227.5
FEMALE,   Khuvsgul,2007,126.3
FEMALE,   Khuvsgul,2006,90.5
FEMALE,   Khuvsgul,2005,68.7
FEMALE,   Khuvsgul,2004,71.0
FEMALE,   Khuvsgul,2003,56.0
FEMALE,   Khuvsgul,2002,49.7
FEMALE,   Khuvsgul,2001,52.0
FEMALE,   Khuvsgul,2000,47.5
FEMALE,   Khuvsgul,1999,
FEMALE,   Khuvsgul,1998,
FEMALE,   Khuvsgul,1997,
FEMALE,   Khuvsgul,1996,
FEMALE,   Khuvsgul,1995,
FEMALE,   Orkhon,2024,2392.0
FEMALE,   Orkhon,2023,1903.6
FEMALE,   Orkhon,2022,1524.5
FEMALE,   Orkhon,2021,1327.8
FEMALE,   Orkhon,2020,1239.8
FEMALE,   Orkhon,2019,1070.2
FEMALE,   Orkhon,2018,925.0
FEMALE,   Orkhon,2017,837.6
FEMALE,   Orkhon,2016,857.9
FEMALE,   Orkhon,2015,829.7
FEMALE,   Orkhon,2014,799.0
FEMALE,   Orkhon,2013,583.8
FEMALE,   Orkhon,2012,568.3
FEMALE,   Orkhon,2011,412.0
FEMALE,   Orkhon,2010,349.5
FEMALE,   Orkhon,2009,295.5
FEMALE,   Orkhon,2008,258.4
FEMALE,   Orkhon,2007,171.2
FEMALE,   Orkhon,2006,137.1
FEMALE,   Orkhon,2005,104.3
FEMALE,   Orkhon,2004,99.8
FEMALE,   Orkhon,2003,89.1
FEMALE,   Orkhon,2002,62.5
FEMALE,   Orkhon,2001,61.2
FEMALE,   Orkhon,2000,58.9
FEMALE,   Orkhon,1999,
FEMALE,   Orkhon,1998,
FEMALE,   Orkhon,1997,
FEMALE,   Orkhon,1996,
FEMALE,   Orkhon,1995,
FEMALE,Central region,2024,2089.5
FEMALE,Central region,2023,1566.1
FEMALE,Central region,2022,1186.3
FEMALE,Central region,2021,1033.2
FEMALE,Central region,2020,972.4
FEMALE,Central region,2019,849.0
FEMALE,Central region,2018,729.8
FEMALE,Central region,2017,697.5
FEMALE,Central region,2016,663.5
FEMALE,Central region,2015,650.3
FEMALE,Central region,2014,629.8
FEMALE,Central region,2013,622.6
FEMALE,Central region,2012,511.8
FEMALE,Central region,2011,388.8
FEMALE,Central region,2010,310.2
FEMALE,Central region,2009,276.7
FEMALE,Central region,2008,269.7
FEMALE,Central region,2007,158.7
FEMALE,Central region,2006,118.7
FEMALE,Central region,2005,93.2
FEMALE,Central region,2004,88.9
FEMALE,Central region,2003,76.5
FEMALE,Central region,2002,67.0
FEMALE,Central region,2001,58.0
FEMALE,Central region,2000,54.0
FEMALE,Central region,1999,
FEMALE,Central region,1998,
FEMALE,Central region,1997,
FEMALE,Central region,1996,
FEMALE,Central region,1995,
FEMALE,   Dornogovi,2024,2121.4
FEMALE,   Dornogovi,2023,1586.2
FEMALE,   Dornogovi,2022,1208.7
FEMALE,   Dornogovi,2021,1064.3
FEMALE,   Dornogovi,2020,1004.8
FEMALE,   Dornogovi,2019,889.7
FEMALE,   Dornogovi,2018,773.0
FEMALE,   Dornogovi,2017,738.6
FEMALE,   Dornogovi,2016,700.8
FEMALE,   Dornogovi,2015,688.7
FEMALE,   Dornogovi,2014,662.0
FEMALE,   Dornogovi,2013,623.6
FEMALE,   Dornogovi,2012,489.1
FEMALE,   Dornogovi,2011,363.3
FEMALE,   Dornogovi,2010,298.9
FEMALE,   Dornogovi,2009,272.0
FEMALE,   Dornogovi,2008,256.7
FEMALE,   Dornogovi,2007,148.5
FEMALE,   Dornogovi,2006,111.3
FEMALE,   Dornogovi,2005,78.9
FEMALE,   Dornogovi,2004,74.0
FEMALE,   Dornogovi,2003,63.0
FEMALE,   Dornogovi,2002,49.6
FEMALE,   Dornogovi,2001,61.9
FEMALE,   Dornogovi,2000,41.3
FEMALE,   Dornogovi,1999,
FEMALE,   Dornogovi,1998,
FEMALE,   Dornogovi,1997,
FEMALE,   Dornogovi,1996,
FEMALE,   Dornogovi,1995,
FEMALE,   Dundgovi,2024,2074.0
FEMALE,   Dundgovi,2023,1443.3
FEMALE,   Dundgovi,2022,1122.1
FEMALE,   Dundgovi,2021,989.1
FEMALE,   Dundgovi,2020,935.7
FEMALE,   Dundgovi,2019,811.7
FEMALE,   Dundgovi,2018,661.4
FEMALE,   Dundgovi,2017,639.9
FEMALE,   Dundgovi,2016,638.1
FEMALE,   Dundgovi,2015,626.8
FEMALE,   Dundgovi,2014,601.4
FEMALE,   Dundgovi,2013,655.9
FEMALE,   Dundgovi,2012,499.6
FEMALE,   Dundgovi,2011,361.0
FEMALE,   Dundgovi,2010,298.4
FEMALE,   Dundgovi,2009,268.8
FEMALE,   Dundgovi,2008,263.9
FEMALE,   Dundgovi,2007,150.3
FEMALE,   Dundgovi,2006,108.6
FEMALE,   Dundgovi,2005,85.3
FEMALE,   Dundgovi,2004,79.2
FEMALE,   Dundgovi,2003,63.2
FEMALE,   Dundgovi,2002,56.4
FEMALE,   Dundgovi,2001,53.3
FEMALE,   Dundgovi,2000,43.8
FEMALE,   Dundgovi,1999,
FEMALE,   Dundgovi,1998,
FEMALE,   Dundgovi,1997,
FEMALE,   Dundgovi,1996,
FEMALE,   Dundgovi,1995,
FEMALE,   Umnugovi,2024,2315.2
FEMALE,   Umnugovi,2023,1795.7
FEMALE,   Umnugovi,2022,1264.8
FEMALE,   Umnugovi,2021,1062.5
FEMALE,   Umnugovi,2020,980.3
FEMALE,   Umnugovi,2019,857.1
FEMALE,   Umnugovi,2018,753.2
FEMALE,   Umnugovi,2017,718.0
FEMALE,   Umnugovi,2016,666.7
FEMALE,   Umnugovi,2015,663.3
FEMALE,   Umnugovi,2014,642.0
FEMALE,   Umnugovi,2013,786.3
FEMALE,   Umnugovi,2012,508.3
FEMALE,   Umnugovi,2011,394.8
FEMALE,   Umnugovi,2010,325.9
FEMALE,   Umnugovi,2009,265.1
FEMALE,   Umnugovi,2008,272.3
FEMALE,   Umnugovi,2007,171.3
FEMALE,   Umnugovi,2006,116.9
FEMALE,   Umnugovi,2005,90.6
FEMALE,   Umnugovi,2004,88.8
FEMALE,   Umnugovi,2003,72.1
FEMALE,   Umnugovi,2002,61.6
FEMALE,   Umnugovi,2001,56.8
FEMALE,   Umnugovi,2000,48.4
FEMALE,   Umnugovi,1999,
FEMALE,   Umnugovi,1998,
FEMALE,   Umnugovi,1997,
FEMALE,   Umnugovi,1996,
FEMALE,   Umnugovi,1995,
FEMALE,   Selenge,2024,2059.4
FEMALE,   Selenge,2023,1519.2
FEMALE,   Selenge,2022,1168.8
FEMALE,   Selenge,2021,1019.4
FEMALE,   Selenge,2020,970.8
FEMALE,   Selenge,2019,843.4
FEMALE,   Selenge,2018,719.4
FEMALE,   Selenge,2017,676.8
FEMALE,   Selenge,2016,648.9
FEMALE,   Selenge,2015,657.5
FEMALE,   Selenge,2014,625.0
FEMALE,   Selenge,2013,614.5
FEMALE,   Selenge,2012,501.2
FEMALE,   Selenge,2011,412.7
FEMALE,   Selenge,2010,308.8
FEMALE,   Selenge,2009,286.3
FEMALE,   Selenge,2008,288.1
FEMALE,   Selenge,2007,158.6
FEMALE,   Selenge,2006,128.8
FEMALE,   Selenge,2005,104.7
FEMALE,   Selenge,2004,74.1
FEMALE,   Selenge,2003,74.9
FEMALE,   Selenge,2002,66.3
FEMALE,   Selenge,2001,56.2
FEMALE,   Selenge,2000,57.8
FEMALE,   Selenge,1999,
FEMALE,   Selenge,1998,
FEMALE,   Selenge,1997,
FEMALE,   Selenge,1996,
FEMALE,   Selenge,1995,
FEMALE,   Tuv,2024,2032.9
FEMALE,   Tuv,2023,1466.2
FEMALE,   Tuv,2022,1118.3
FEMALE,   Tuv,2021,1003.6
FEMALE,   Tuv,2020,954.3
FEMALE,   Tuv,2019,803.2
FEMALE,   Tuv,2018,669.0
FEMALE,   Tuv,2017,657.9
FEMALE,   Tuv,2016,635.4
FEMALE,   Tuv,2015,620.6
FEMALE,   Tuv,2014,596.8
FEMALE,   Tuv,2013,573.8
FEMALE,   Tuv,2012,471.9
FEMALE,   Tuv,2011,342.4
FEMALE,   Tuv,2010,296.9
FEMALE,   Tuv,2009,262.9
FEMALE,   Tuv,2008,252.6
FEMALE,   Tuv,2007,143.8
FEMALE,   Tuv,2006,98.7
FEMALE,   Tuv,2005,77.0
FEMALE,   Tuv,2004,73.8
FEMALE,   Tuv,2003,65.0
FEMALE,   Tuv,2002,63.1
FEMALE,   Tuv,2001,50.0
FEMALE,   Tuv,2000,39.0
FEMALE,   Tuv,1999,
FEMALE,   Tuv,1998,
FEMALE,   Tuv,1997,
FEMALE,   Tuv,1996,
FEMALE,   Tuv,1995,
FEMALE,   Darkhan-Uul,2024,1886.1
FEMALE,   Darkhan-Uul,2023,1454.1
FEMALE,   Darkhan-Uul,2022,1161.8
FEMALE,   Darkhan-Uul,2021,1013.7
FEMALE,   Darkhan-Uul,2020,952.9
FEMALE,   Darkhan-Uul,2019,843.1
FEMALE,   Darkhan-Uul,2018,737.3
FEMALE,   Darkhan-Uul,2017,705.0
FEMALE,   Darkhan-Uul,2016,667.3
FEMALE,   Darkhan-Uul,2015,627.2
FEMALE,   Darkhan-Uul,2014,621.8
FEMALE,   Darkhan-Uul,2013,586.1
FEMALE,   Darkhan-Uul,2012,526.9
FEMALE,   Darkhan-Uul,2011,382.4
FEMALE,   Darkhan-Uul,2010,292.5
FEMALE,   Darkhan-Uul,2009,262.8
FEMALE,   Darkhan-Uul,2008,256.0
FEMALE,   Darkhan-Uul,2007,162.5
FEMALE,   Darkhan-Uul,2006,118.4
FEMALE,   Darkhan-Uul,2005,96.1
FEMALE,   Darkhan-Uul,2004,117.0
FEMALE,   Darkhan-Uul,2003,94.4
FEMALE,   Darkhan-Uul,2002,79.6
FEMALE,   Darkhan-Uul,2001,64.2
FEMALE,   Darkhan-Uul,2000,62.7
FEMALE,   Darkhan-Uul,1999,
FEMALE,   Darkhan-Uul,1998,
FEMALE,   Darkhan-Uul,1997,
FEMALE,   Darkhan-Uul,1996,
FEMALE,   Darkhan-Uul,1995,
FEMALE,   Govisumber,2024,2219.4
FEMALE,   Govisumber,2023,1670.2
FEMALE,   Govisumber,2022,1274.0
FEMALE,   Govisumber,2021,1121.0
FEMALE,   Govisumber,2020,1039.7
FEMALE,   Govisumber,2019,922.2
FEMALE,   Govisumber,2018,794.3
FEMALE,   Govisumber,2017,756.8
FEMALE,   Govisumber,2016,707.5
FEMALE,   Govisumber,2015,700.8
FEMALE,   Govisumber,2014,685.5
FEMALE,   Govisumber,2013,608.8
FEMALE,   Govisumber,2012,626.4
FEMALE,   Govisumber,2011,501.9
FEMALE,   Govisumber,2010,420.4
FEMALE,   Govisumber,2009,349.3
FEMALE,   Govisumber,2008,283.6
FEMALE,   Govisumber,2007,190.4
FEMALE,   Govisumber,2006,151.2
FEMALE,   Govisumber,2005,118.4
FEMALE,   Govisumber,2004,111.6
FEMALE,   Govisumber,2003,99.8
FEMALE,   Govisumber,2002,82.0
FEMALE,   Govisumber,2001,73.8
FEMALE,   Govisumber,2000,73.8
FEMALE,   Govisumber,1999,
FEMALE,   Govisumber,1998,
FEMALE,   Govisumber,1997,
FEMALE,   Govisumber,1996,
FEMALE,   Govisumber,1995,
FEMALE,Eastern region,2024,1959.6
FEMALE,Eastern region,2023,1451.8
FEMALE,Eastern region,2022,1129.1
FEMALE,Eastern region,2021,984.5
FEMALE,Eastern region,2020,930.1
FEMALE,Eastern region,2019,816.6
FEMALE,Eastern region,2018,681.9
FEMALE,Eastern region,2017,677.3
FEMALE,Eastern region,2016,647.9
FEMALE,Eastern region,2015,623.5
FEMALE,Eastern region,2014,590.5
FEMALE,Eastern region,2013,607.5
FEMALE,Eastern region,2012,472.2
FEMALE,Eastern region,2011,345.1
FEMALE,Eastern region,2010,293.3
FEMALE,Eastern region,2009,273.2
FEMALE,Eastern region,2008,243.6
FEMALE,Eastern region,2007,148.0
FEMALE,Eastern region,2006,106.1
FEMALE,Eastern region,2005,85.5
FEMALE,Eastern region,2004,68.6
FEMALE,Eastern region,2003,62.4
FEMALE,Eastern region,2002,57.8
FEMALE,Eastern region,2001,53.4
FEMALE,Eastern region,2000,52.4
FEMALE,Eastern region,1999,
FEMALE,Eastern region,1998,
FEMALE,Eastern region,1997,
FEMALE,Eastern region,1996,
FEMALE,Eastern region,1995,
FEMALE,   Dornod,2024,1924.2
FEMALE,   Dornod,2023,1485.9
FEMALE,   Dornod,2022,1182.8
FEMALE,   Dornod,2021,1015.2
FEMALE,   Dornod,2020,955.5
FEMALE,   Dornod,2019,857.9
FEMALE,   Dornod,2018,725.6
FEMALE,   Dornod,2017,748.7
FEMALE,   Dornod,2016,700.9
FEMALE,   Dornod,2015,676.3
FEMALE,   Dornod,2014,620.5
FEMALE,   Dornod,2013,619.8
FEMALE,   Dornod,2012,505.6
FEMALE,   Dornod,2011,370.6
FEMALE,   Dornod,2010,302.0
FEMALE,   Dornod,2009,298.8
FEMALE,   Dornod,2008,260.2
FEMALE,   Dornod,2007,156.3
FEMALE,   Dornod,2006,106.1
FEMALE,   Dornod,2005,87.9
FEMALE,   Dornod,2004,60.7
FEMALE,   Dornod,2003,52.8
FEMALE,   Dornod,2002,57.5
FEMALE,   Dornod,2001,49.4
FEMALE,   Dornod,2000,46.9
FEMALE,   Dornod,1999,
FEMALE,   Dornod,1998,
FEMALE,   Dornod,1997,
FEMALE,   Dornod,1996,
FEMALE,   Dornod,1995,
FEMALE,   Sukhbaatar,2024,1943.2
FEMALE,   Sukhbaatar,2023,1392.0
FEMALE,   Sukhbaatar,2022,1075.5
FEMALE,   Sukhbaatar,2021,936.5
FEMALE,   Sukhbaatar,2020,883.7
FEMALE,   Sukhbaatar,2019,770.4
FEMALE,   Sukhbaatar,2018,657.8
FEMALE,   Sukhbaatar,2017,630.3
FEMALE,   Sukhbaatar,2016,610.2
FEMALE,   Sukhbaatar,2015,580.8
FEMALE,   Sukhbaatar,2014,550.9
FEMALE,   Sukhbaatar,2013,584.4
FEMALE,   Sukhbaatar,2012,453.9
FEMALE,   Sukhbaatar,2011,328.4
FEMALE,   Sukhbaatar,2010,284.0
FEMALE,   Sukhbaatar,2009,247.3
FEMALE,   Sukhbaatar,2008,247.4
FEMALE,   Sukhbaatar,2007,148.7
FEMALE,   Sukhbaatar,2006,98.0
FEMALE,   Sukhbaatar,2005,85.3
FEMALE,   Sukhbaatar,2004,75.6
FEMALE,   Sukhbaatar,2003,71.4
FEMALE,   Sukhbaatar,2002,61.7
FEMALE,   Sukhbaatar,2001,58.9
FEMALE,   Sukhbaatar,2000,60.0
FEMALE,   Sukhbaatar,1999,
FEMALE,   Sukhbaatar,1998,
FEMALE,   Sukhbaatar,1997,
FEMALE,   Sukhbaatar,1996,
FEMALE,   Sukhbaatar,1995,
FEMALE,   Khentii,2024,2011.9
FEMALE,   Khentii,2023,1455.3
FEMALE,   Khentii,2022,1104.6
FEMALE,   Khentii,2021,984.3
FEMALE,   Khentii,2020,934.5
FEMALE,   Khentii,2019,802.5
FEMALE,   Khentii,2018,649.7
FEMALE,   Khentii,2017,628.3
FEMALE,   Khentii,2016,614.2
FEMALE,   Khentii,2015,596.9
FEMALE,   Khentii,2014,587.4
FEMALE,   Khentii,2013,606.8
FEMALE,   Khentii,2012,404.9
FEMALE,   Khentii,2011,302.0
FEMALE,   Khentii,2010,278.3
FEMALE,   Khentii,2009,244.7
FEMALE,   Khentii,2008,198.4
FEMALE,   Khentii,2007,128.6
FEMALE,   Khentii,2006,115.9
FEMALE,   Khentii,2005,82.9
FEMALE,   Khentii,2004,73.9
FEMALE,   Khentii,2003,68.6
FEMALE,   Khentii,2002,54.1
FEMALE,   Khentii,2001,52.4
FEMALE,   Khentii,2000,52.5
FEMALE,   Khentii,1999,
FEMALE,   Khentii,1998,
FEMALE,   Khentii,1997,
FEMALE,   Khentii,1996,
FEMALE,   Khentii,1995,
FEMALE,Ulaanbaatar,2024,2103.9
FEMALE,Ulaanbaatar,2023,1725.6
FEMALE,Ulaanbaatar,2022,1464.5
FEMALE,Ulaanbaatar,2021,1243.5
FEMALE,Ulaanbaatar,2020,1193.4
FEMALE,Ulaanbaatar,2019,1124.3
FEMALE,Ulaanbaatar,2018,1014.6
FEMALE,Ulaanbaatar,2017,969.2
FEMALE,Ulaanbaatar,2016,904.0
FEMALE,Ulaanbaatar,2015,831.4
FEMALE,Ulaanbaatar,2014,803.1
FEMALE,Ulaanbaatar,2013,731.7
FEMALE,Ulaanbaatar,2012,571.8
FEMALE,Ulaanbaatar,2011,414.4
FEMALE,Ulaanbaatar,2010,340.8
FEMALE,Ulaanbaatar,2009,293.6
FEMALE,Ulaanbaatar,2008,255.5
FEMALE,Ulaanbaatar,2007,170.6
FEMALE,Ulaanbaatar,2006,121.7
FEMALE,Ulaanbaatar,2005,97.2
FEMALE,Ulaanbaatar,2004,94.5
FEMALE,Ulaanbaatar,2003,83.8
FEMALE,Ulaanbaatar,2002,74.9
FEMALE,Ulaanbaatar,2001,72.7
FEMALE,Ulaanbaatar,2000,75.1
FEMALE,Ulaanbaatar,1999,
FEMALE,Ulaanbaatar,1998,
FEMALE,Ulaanbaatar,1997,
FEMALE,Ulaanbaatar,1996,
FEMALE,Ulaanbaatar,1995,
FEMALE,   Ulaanbaatar,2024,2103.9
FEMALE,   Ulaanbaatar,2023,1725.6
FEMALE,   Ulaanbaatar,2022,1464.5
FEMALE,   Ulaanbaatar,2021,1243.5
FEMALE,   Ulaanbaatar,2020,1193.4
FEMALE,   Ulaanbaatar,2019,1124.3
FEMALE,   Ulaanbaatar,2018,1014.6
FEMALE,   Ulaanbaatar,2017,969.2
FEMALE,   Ulaanbaatar,2016,904.0
FEMALE,   Ulaanbaatar,2015,831.4
FEMALE,   Ulaanbaatar,2014,803.1
FEMALE,   Ulaanbaatar,2013,731.7
FEMALE,   Ulaanbaatar,2012,571.8
FEMALE,   Ulaanbaatar,2011,414.4
FEMALE,   Ulaanbaatar,2010,340.8
FEMALE,   Ulaanbaatar,2009,293.6
FEMALE,   Ulaanbaatar,2008,255.5
FEMALE,   Ulaanbaatar,2007,170.6
FEMALE,   Ulaanbaatar,2006,121.7
FEMALE,   Ulaanbaatar,2005,97.2
FEMALE,   Ulaanbaatar,2004,94.5
FEMALE,   Ulaanbaatar,2003,83.8
FEMALE,   Ulaanbaatar,2002,74.9
FEMALE,   Ulaanbaatar,2001,72.7
FEMALE,   Ulaanbaatar,2000,75.1
FEMALE,   Ulaanbaatar,1999,
FEMALE,   Ulaanbaatar,1998,
FEMALE,   Ulaanbaatar,1997,
FEMALE,   Ulaanbaatar,1996,
FEMALE,   Ulaanbaatar,1995,
MALE,National average,2024,2576.9
MALE,National average,2023,2103.4
MALE,National average,2022,1642.8
MALE,National average,2021,1390.1
MALE,National average,2020,1326.2
MALE,National average,2019,1222.6
MALE,National average,2018,1100.3
MALE,National average,2017,1029.4
MALE,National average,2016,913.9
MALE,National average,2015,856.0
MALE,National average,2014,859.7
MALE,National average,2013,860.5
MALE,National average,2012,593.1
MALE,National average,2011,470.0
MALE,National average,2010,370.4
MALE,National average,2009,322.6
MALE,National average,2008,291.2
MALE,National average,2007,186.7
MALE,National average,2006,138.1
MALE,National average,2005,110.0
MALE,National average,2004,98.3
MALE,National average,2003,86.9
MALE,National average,2002,76.3
MALE,National average,2001,69.2
MALE,National average,2000,64.7
MALE,National average,1999,
MALE,National average,1998,
MALE,National average,1997,
MALE,National average,1996,
MALE,National average,1995,
MALE,Western region,2024,1864.2
MALE,Western region,2023,1352.1
MALE,Western region,2022,988.4
MALE,Western region,2021,890.1
MALE,Western region,2020,860.5
MALE,Western region,2019,754.3
MALE,Western region,2018,655.3
MALE,Western region,2017,633.1
MALE,Western region,2016,608.5
MALE,Western region,2015,600.4
MALE,Western region,2014,586.7
MALE,Western region,2013,589.0
MALE,Western region,2012,464.8
MALE,Western region,2011,348.5
MALE,Western region,2010,281.6
MALE,Western region,2009,274.6
MALE,Western region,2008,258.8
MALE,Western region,2007,162.9
MALE,Western region,2006,119.8
MALE,Western region,2005,96.6
MALE,Western region,2004,90.3
MALE,Western region,2003,77.9
MALE,Western region,2002,65.4
MALE,Western region,2001,58.1
MALE,Western region,2000,62.4
MALE,Western region,1999,
MALE,Western region,1998,
MALE,Western region,1997,
MALE,Western region,1996,
MALE,Western region,1995,
MALE,   Bayan-Ulgii,2024,1781.9
MALE,   Bayan-Ulgii,2023,1260.0
MALE,   Bayan-Ulgii,2022,908.0
MALE,   Bayan-Ulgii,2021,832.7
MALE,   Bayan-Ulgii,2020,812.1
MALE,   Bayan-Ulgii,2019,722.4
MALE,   Bayan-Ulgii,2018,610.1
MALE,   Bayan-Ulgii,2017,607.4
MALE,   Bayan-Ulgii,2016,587.1
MALE,   Bayan-Ulgii,2015,593.1
MALE,   Bayan-Ulgii,2014,564.8
MALE,   Bayan-Ulgii,2013,571.1
MALE,   Bayan-Ulgii,2012,434.0
MALE,   Bayan-Ulgii,2011,344.3
MALE,   Bayan-Ulgii,2010,267.3
MALE,   Bayan-Ulgii,2009,258.1
MALE,   Bayan-Ulgii,2008,240.3
MALE,   Bayan-Ulgii,2007,145.4
MALE,   Bayan-Ulgii,2006,103.0
MALE,   Bayan-Ulgii,2005,94.8
MALE,   Bayan-Ulgii,2004,84.9
MALE,   Bayan-Ulgii,2003,71.7
MALE,   Bayan-Ulgii,2002,59.4
MALE,   Bayan-Ulgii,2001,53.9
MALE,   Bayan-Ulgii,2000,52.0
MALE,   Bayan-Ulgii,1999,
MALE,   Bayan-Ulgii,1998,
MALE,   Bayan-Ulgii,1997,
MALE,   Bayan-Ulgii,1996,
MALE,   Bayan-Ulgii,1995,
MALE,   Govi-Altai,2024,1877.3
MALE,   Govi-Altai,2023,1336.8
MALE,   Govi-Altai,2022,967.0
MALE,   Govi-Altai,2021,899.6
MALE,   Govi-Altai,2020,870.7
MALE,   Govi-Altai,2019,766.4
MALE,   Govi-Altai,2018,667.3
MALE,   Govi-Altai,2017,643.8
MALE,   Govi-Altai,2016,618.9
MALE,   Govi-Altai,2015,608.0
MALE,   Govi-Altai,2014,624.2
MALE,   Govi-Altai,2013,581.7
MALE,   Govi-Altai,2012,479.2
MALE,   Govi-Altai,2011,343.3
MALE,   Govi-Altai,2010,292.9
MALE,   Govi-Altai,2009,293.3
MALE,   Govi-Altai,2008,272.3
MALE,   Govi-Altai,2007,165.8
MALE,   Govi-Altai,2006,120.8
MALE,   Govi-Altai,2005,91.9
MALE,   Govi-Altai,2004,84.5
MALE,   Govi-Altai,2003,77.1
MALE,   Govi-Altai,2002,69.0
MALE,   Govi-Altai,2001,57.1
MALE,   Govi-Altai,2000,63.6
MALE,   Govi-Altai,1999,
MALE,   Govi-Altai,1998,
MALE,   Govi-Altai,1997,
MALE,   Govi-Altai,1996,
MALE,   Govi-Altai,1995,
MALE,   Zavkhan,2024,1964.8
MALE,   Zavkhan,2023,1445.7
MALE,   Zavkhan,2022,1017.3
MALE,   Zavkhan,2021,906.6
MALE,   Zavkhan,2020,911.4
MALE,   Zavkhan,2019,780.5
MALE,   Zavkhan,2018,673.9
MALE,   Zavkhan,2017,636.2
MALE,   Zavkhan,2016,610.3
MALE,   Zavkhan,2015,576.9
MALE,   Zavkhan,2014,575.1
MALE,   Zavkhan,2013,581.7
MALE,   Zavkhan,2012,517.1
MALE,   Zavkhan,2011,379.8
MALE,   Zavkhan,2010,270.4
MALE,   Zavkhan,2009,273.7
MALE,   Zavkhan,2008,271.4
MALE,   Zavkhan,2007,171.2
MALE,   Zavkhan,2006,137.8
MALE,   Zavkhan,2005,97.7
MALE,   Zavkhan,2004,95.0
MALE,   Zavkhan,2003,77.3
MALE,   Zavkhan,2002,65.4
MALE,   Zavkhan,2001,58.2
MALE,   Zavkhan,2000,59.1
MALE,   Zavkhan,1999,
MALE,   Zavkhan,1998,
MALE,   Zavkhan,1997,
MALE,   Zavkhan,1996,
MALE,   Zavkhan,1995,
MALE,   Uvs,2024,1896.0
MALE,   Uvs,2023,1371.8
MALE,   Uvs,2022,988.9
MALE,   Uvs,2021,876.9
MALE,   Uvs,2020,848.2
MALE,   Uvs,2019,738.7
MALE,   Uvs,2018,636.5
MALE,   Uvs,2017,623.7
MALE,   Uvs,2016,604.4
MALE,   Uvs,2015,594.8
MALE,   Uvs,2014,571.1
MALE,   Uvs,2013,650.3
MALE,   Uvs,2012,480.8
MALE,   Uvs,2011,351.9
MALE,   Uvs,2010,308.5
MALE,   Uvs,2009,283.1
MALE,   Uvs,2008,273.9
MALE,   Uvs,2007,167.8
MALE,   Uvs,2006,121.1
MALE,   Uvs,2005,96.3
MALE,   Uvs,2004,93.3
MALE,   Uvs,2003,85.2
MALE,   Uvs,2002,72.2
MALE,   Uvs,2001,61.8
MALE,   Uvs,2000,61.3
MALE,   Uvs,1999,
MALE,   Uvs,1998,
MALE,   Uvs,1997,
MALE,   Uvs,1996,
MALE,   Uvs,1995,
MALE,   Khovd,2024,1852.6
MALE,   Khovd,2023,1371.9
MALE,   Khovd,2022,1054.0
MALE,   Khovd,2021,935.3
MALE,   Khovd,2020,875.3
MALE,   Khovd,2019,771.2
MALE,   Khovd,2018,695.2
MALE,   Khovd,2017,658.2
MALE,   Khovd,2016,625.6
MALE,   Khovd,2015,627.0
MALE,   Khovd,2014,604.1
MALE,   Khovd,2013,565.2
MALE,   Khovd,2012,439.4
MALE,   Khovd,2011,337.1
MALE,   Khovd,2010,272.8
MALE,   Khovd,2009,266.9
MALE,   Khovd,2008,250.1
MALE,   Khovd,2007,169.3
MALE,   Khovd,2006,122.7
MALE,   Khovd,2005,101.5
MALE,   Khovd,2004,92.5
MALE,   Khovd,2003,74.4
MALE,   Khovd,2002,63.4
MALE,   Khovd,2001,62.5
MALE,   Khovd,2000,78.6
MALE,   Khovd,1999,
MALE,   Khovd,1998,
MALE,   Khovd,1997,
MALE,   Khovd,1996,
MALE,   Khovd,1995,
MALE,Khangai region,2024,2551.6
MALE,Khangai region,2023,1959.3
MALE,Khangai region,2022,1510.8
MALE,Khangai region,2021,1290.7
MALE,Khangai region,2020,1242.2
MALE,Khangai region,2019,1097.4
MALE,Khangai region,2018,947.0
MALE,Khangai region,2017,858.7
MALE,Khangai region,2016,862.3
MALE,Khangai region,2015,832.1
MALE,Khangai region,2014,846.7
MALE,Khangai region,2013,680.7
MALE,Khangai region,2012,581.3
MALE,Khangai region,2011,426.5
MALE,Khangai region,2010,332.2
MALE,Khangai region,2009,303.2
MALE,Khangai region,2008,277.4
MALE,Khangai region,2007,181.0
MALE,Khangai region,2006,131.7
MALE,Khangai region,2005,111.1
MALE,Khangai region,2004,96.7
MALE,Khangai region,2003,83.8
MALE,Khangai region,2002,71.1
MALE,Khangai region,2001,64.7
MALE,Khangai region,2000,59.3
MALE,Khangai region,1999,
MALE,Khangai region,1998,
MALE,Khangai region,1997,
MALE,Khangai region,1996,
MALE,Khangai region,1995,
MALE,   Arkhangai,2024,1759.5
MALE,   Arkhangai,2023,1245.6
MALE,   Arkhangai,2022,905.7
MALE,   Arkhangai,2021,808.2
MALE,   Arkhangai,2020,792.3
MALE,   Arkhangai,2019,690.8
MALE,   Arkhangai,2018,593.3
MALE,   Arkhangai,2017,568.8
MALE,   Arkhangai,2016,556.2
MALE,   Arkhangai,2015,557.9
MALE,   Arkhangai,2014,542.9
MALE,   Arkhangai,2013,549.7
MALE,   Arkhangai,2012,522.2
MALE,   Arkhangai,2011,380.5
MALE,   Arkhangai,2010,306.3
MALE,   Arkhangai,2009,280.4
MALE,   Arkhangai,2008,255.1
MALE,   Arkhangai,2007,152.9
MALE,   Arkhangai,2006,105.7
MALE,   Arkhangai,2005,83.6
MALE,   Arkhangai,2004,79.9
MALE,   Arkhangai,2003,65.5
MALE,   Arkhangai,2002,66.5
MALE,   Arkhangai,2001,50.8
MALE,   Arkhangai,2000,47.1
MALE,   Arkhangai,1999,
MALE,   Arkhangai,1998,
MALE,   Arkhangai,1997,
MALE,   Arkhangai,1996,
MALE,   Arkhangai,1995,
MALE,   Bayankhongor,2024,1873.5
MALE,   Bayankhongor,2023,1307.7
MALE,   Bayankhongor,2022,957.4
MALE,   Bayankhongor,2021,861.7
MALE,   Bayankhongor,2020,833.5
MALE,   Bayankhongor,2019,748.4
MALE,   Bayankhongor,2018,647.9
MALE,   Bayankhongor,2017,608.2
MALE,   Bayankhongor,2016,592.2
MALE,   Bayankhongor,2015,581.6
MALE,   Bayankhongor,2014,565.0
MALE,   Bayankhongor,2013,561.4
MALE,   Bayankhongor,2012,508.0
MALE,   Bayankhongor,2011,394.7
MALE,   Bayankhongor,2010,312.0
MALE,   Bayankhongor,2009,280.3
MALE,   Bayankhongor,2008,270.6
MALE,   Bayankhongor,2007,160.7
MALE,   Bayankhongor,2006,104.9
MALE,   Bayankhongor,2005,87.1
MALE,   Bayankhongor,2004,91.2
MALE,   Bayankhongor,2003,76.5
MALE,   Bayankhongor,2002,66.6
MALE,   Bayankhongor,2001,66.3
MALE,   Bayankhongor,2000,56.0
MALE,   Bayankhongor,1999,
MALE,   Bayankhongor,1998,
MALE,   Bayankhongor,1997,
MALE,   Bayankhongor,1996,
MALE,   Bayankhongor,1995,
MALE,   Bulgan,2024,1934.6
MALE,   Bulgan,2023,1395.5
MALE,   Bulgan,2022,984.2
MALE,   Bulgan,2021,864.6
MALE,   Bulgan,2020,828.3
MALE,   Bulgan,2019,743.2
MALE,   Bulgan,2018,638.8
MALE,   Bulgan,2017,628.4
MALE,   Bulgan,2016,590.8
MALE,   Bulgan,2015,587.5
MALE,   Bulgan,2014,569.0
MALE,   Bulgan,2013,623.8
MALE,   Bulgan,2012,491.2
MALE,   Bulgan,2011,414.2
MALE,   Bulgan,2010,309.6
MALE,   Bulgan,2009,303.9
MALE,   Bulgan,2008,242.6
MALE,   Bulgan,2007,153.0
MALE,   Bulgan,2006,114.6
MALE,   Bulgan,2005,110.7
MALE,   Bulgan,2004,96.4
MALE,   Bulgan,2003,78.2
MALE,   Bulgan,2002,67.1
MALE,   Bulgan,2001,58.2
MALE,   Bulgan,2000,42.5
MALE,   Bulgan,1999,
MALE,   Bulgan,1998,
MALE,   Bulgan,1997,
MALE,   Bulgan,1996,
MALE,   Bulgan,1995,
MALE,   Uvurkhangai,2024,1890.2
MALE,   Uvurkhangai,2023,1374.0
MALE,   Uvurkhangai,2022,1034.1
MALE,   Uvurkhangai,2021,858.4
MALE,   Uvurkhangai,2020,846.5
MALE,   Uvurkhangai,2019,742.1
MALE,   Uvurkhangai,2018,629.2
MALE,   Uvurkhangai,2017,605.4
MALE,   Uvurkhangai,2016,568.0
MALE,   Uvurkhangai,2015,548.9
MALE,   Uvurkhangai,2014,547.3
MALE,   Uvurkhangai,2013,604.9
MALE,   Uvurkhangai,2012,485.3
MALE,   Uvurkhangai,2011,345.0
MALE,   Uvurkhangai,2010,287.2
MALE,   Uvurkhangai,2009,265.4
MALE,   Uvurkhangai,2008,237.5
MALE,   Uvurkhangai,2007,140.9
MALE,   Uvurkhangai,2006,108.2
MALE,   Uvurkhangai,2005,87.8
MALE,   Uvurkhangai,2004,87.0
MALE,   Uvurkhangai,2003,65.6
MALE,   Uvurkhangai,2002,67.3
MALE,   Uvurkhangai,2001,48.7
MALE,   Uvurkhangai,2000,62.0
MALE,   Uvurkhangai,1999,
MALE,   Uvurkhangai,1998,
MALE,   Uvurkhangai,1997,
MALE,   Uvurkhangai,1996,
MALE,   Uvurkhangai,1995,
MALE,   Khuvsgul,2024,1754.3
MALE,   Khuvsgul,2023,1252.1
MALE,   Khuvsgul,2022,939.2
MALE,   Khuvsgul,2021,845.9
MALE,   Khuvsgul,2020,829.4
MALE,   Khuvsgul,2019,725.3
MALE,   Khuvsgul,2018,621.4
MALE,   Khuvsgul,2017,602.6
MALE,   Khuvsgul,2016,568.2
MALE,   Khuvsgul,2015,562.4
MALE,   Khuvsgul,2014,550.8
MALE,   Khuvsgul,2013,602.5
MALE,   Khuvsgul,2012,410.4
MALE,   Khuvsgul,2011,311.2
MALE,   Khuvsgul,2010,266.4
MALE,   Khuvsgul,2009,268.2
MALE,   Khuvsgul,2008,248.8
MALE,   Khuvsgul,2007,152.5
MALE,   Khuvsgul,2006,111.5
MALE,   Khuvsgul,2005,76.9
MALE,   Khuvsgul,2004,74.8
MALE,   Khuvsgul,2003,60.0
MALE,   Khuvsgul,2002,53.0
MALE,   Khuvsgul,2001,51.7
MALE,   Khuvsgul,2000,54.3
MALE,   Khuvsgul,1999,
MALE,   Khuvsgul,1998,
MALE,   Khuvsgul,1997,
MALE,   Khuvsgul,1996,
MALE,   Khuvsgul,1995,
MALE,   Orkhon,2024,3859.6
MALE,   Orkhon,2023,3122.0
MALE,   Orkhon,2022,2520.2
MALE,   Orkhon,2021,2112.3
MALE,   Orkhon,2020,2009.7
MALE,   Orkhon,2019,1769.3
MALE,   Orkhon,2018,1508.0
MALE,   Orkhon,2017,1283.4
MALE,   Orkhon,2016,1386.6
MALE,   Orkhon,2015,1302.3
MALE,   Orkhon,2014,1228.2
MALE,   Orkhon,2013,835.8
MALE,   Orkhon,2012,745.2
MALE,   Orkhon,2011,530.1
MALE,   Orkhon,2010,404.1
MALE,   Orkhon,2009,352.4
MALE,   Orkhon,2008,315.5
MALE,   Orkhon,2007,221.1
MALE,   Orkhon,2006,161.2
MALE,   Orkhon,2005,139.6
MALE,   Orkhon,2004,116.4
MALE,   Orkhon,2003,110.6
MALE,   Orkhon,2002,86.0
MALE,   Orkhon,2001,83.6
MALE,   Orkhon,2000,75.6
MALE,   Orkhon,1999,
MALE,   Orkhon,1998,
MALE,   Orkhon,1997,
MALE,   Orkhon,1996,
MALE,   Orkhon,1995,
MALE,Central region,2024,2602.1
MALE,Central region,2023,2114.6
MALE,Central region,2022,1602.6
MALE,Central region,2021,1272.5
MALE,Central region,2020,1199.0
MALE,Central region,2019,1067.1
MALE,Central region,2018,924.8
MALE,Central region,2017,850.4
MALE,Central region,2016,762.6
MALE,Central region,2015,752.0
MALE,Central region,2014,754.8
MALE,Central region,2013,756.4
MALE,Central region,2012,610.9
MALE,Central region,2011,505.6
MALE,Central region,2010,403.7
MALE,Central region,2009,317.2
MALE,Central region,2008,311.7
MALE,Central region,2007,194.1
MALE,Central region,2006,151.2
MALE,Central region,2005,120.7
MALE,Central region,2004,109.0
MALE,Central region,2003,91.7
MALE,Central region,2002,78.3
MALE,Central region,2001,68.0
MALE,Central region,2000,66.4
MALE,Central region,1999,
MALE,Central region,1998,
MALE,Central region,1997,
MALE,Central region,1996,
MALE,Central region,1995,
MALE,   Dornogovi,2024,2495.2
MALE,   Dornogovi,2023,2010.5
MALE,   Dornogovi,2022,1560.9
MALE,   Dornogovi,2021,1360.2
MALE,   Dornogovi,2020,1253.2
MALE,   Dornogovi,2019,1129.5
MALE,   Dornogovi,2018,1010.0
MALE,   Dornogovi,2017,933.9
MALE,   Dornogovi,2016,854.3
MALE,   Dornogovi,2015,820.8
MALE,   Dornogovi,2014,812.8
MALE,   Dornogovi,2013,669.9
MALE,   Dornogovi,2012,488.4
MALE,   Dornogovi,2011,355.9
MALE,   Dornogovi,2010,310.0
MALE,   Dornogovi,2009,285.1
MALE,   Dornogovi,2008,250.8
MALE,   Dornogovi,2007,144.5
MALE,   Dornogovi,2006,120.2
MALE,   Dornogovi,2005,89.2
MALE,   Dornogovi,2004,75.6
MALE,   Dornogovi,2003,66.3
MALE,   Dornogovi,2002,53.4
MALE,   Dornogovi,2001,61.4
MALE,   Dornogovi,2000,39.1
MALE,   Dornogovi,1999,
MALE,   Dornogovi,1998,
MALE,   Dornogovi,1997,
MALE,   Dornogovi,1996,
MALE,   Dornogovi,1995,
MALE,   Dundgovi,2024,1981.5
MALE,   Dundgovi,2023,1393.4
MALE,   Dundgovi,2022,1057.1
MALE,   Dundgovi,2021,944.1
MALE,   Dundgovi,2020,895.4
MALE,   Dundgovi,2019,783.2
MALE,   Dundgovi,2018,649.2
MALE,   Dundgovi,2017,646.2
MALE,   Dundgovi,2016,634.6
MALE,   Dundgovi,2015,609.0
MALE,   Dundgovi,2014,578.8
MALE,   Dundgovi,2013,645.4
MALE,   Dundgovi,2012,473.3
MALE,   Dundgovi,2011,334.5
MALE,   Dundgovi,2010,280.6
MALE,   Dundgovi,2009,255.7
MALE,   Dundgovi,2008,249.6
MALE,   Dundgovi,2007,146.6
MALE,   Dundgovi,2006,107.6
MALE,   Dundgovi,2005,88.4
MALE,   Dundgovi,2004,77.9
MALE,   Dundgovi,2003,66.3
MALE,   Dundgovi,2002,60.2
MALE,   Dundgovi,2001,56.3
MALE,   Dundgovi,2000,49.0
MALE,   Dundgovi,1999,
MALE,   Dundgovi,1998,
MALE,   Dundgovi,1997,
MALE,   Dundgovi,1996,
MALE,   Dundgovi,1995,
MALE,   Umnugovi,2024,3111.3
MALE,   Umnugovi,2023,2699.6
MALE,   Umnugovi,2022,2024.8
MALE,   Umnugovi,2021,1380.6
MALE,   Umnugovi,2020,1382.1
MALE,   Umnugovi,2019,1238.3
MALE,   Umnugovi,2018,1071.4
MALE,   Umnugovi,2017,967.1
MALE,   Umnugovi,2016,826.6
MALE,   Umnugovi,2015,927.1
MALE,   Umnugovi,2014,912.6
MALE,   Umnugovi,2013,1206.2
MALE,   Umnugovi,2012,633.5
MALE,   Umnugovi,2011,623.4
MALE,   Umnugovi,2010,421.2
MALE,   Umnugovi,2009,322.2
MALE,   Umnugovi,2008,299.1
MALE,   Umnugovi,2007,211.2
MALE,   Umnugovi,2006,140.1
MALE,   Umnugovi,2005,105.1
MALE,   Umnugovi,2004,97.1
MALE,   Umnugovi,2003,86.8
MALE,   Umnugovi,2002,67.4
MALE,   Umnugovi,2001,67.9
MALE,   Umnugovi,2000,64.0
MALE,   Umnugovi,1999,
MALE,   Umnugovi,1998,
MALE,   Umnugovi,1997,
MALE,   Umnugovi,1996,
MALE,   Umnugovi,1995,
MALE,   Selenge,2024,2408.9
MALE,   Selenge,2023,1802.2
MALE,   Selenge,2022,1468.4
MALE,   Selenge,2021,1244.6
MALE,   Selenge,2020,1115.6
MALE,   Selenge,2019,1001.2
MALE,   Selenge,2018,857.5
MALE,   Selenge,2017,746.2
MALE,   Selenge,2016,686.2
MALE,   Selenge,2015,679.7
MALE,   Selenge,2014,654.4
MALE,   Selenge,2013,662.0
MALE,   Selenge,2012,517.8
MALE,   Selenge,2011,443.4
MALE,   Selenge,2010,306.3
MALE,   Selenge,2009,288.2
MALE,   Selenge,2008,294.6
MALE,   Selenge,2007,175.3
MALE,   Selenge,2006,139.0
MALE,   Selenge,2005,112.4
MALE,   Selenge,2004,83.9
MALE,   Selenge,2003,76.0
MALE,   Selenge,2002,66.4
MALE,   Selenge,2001,61.4
MALE,   Selenge,2000,61.9
MALE,   Selenge,1999,
MALE,   Selenge,1998,
MALE,   Selenge,1997,
MALE,   Selenge,1996,
MALE,   Selenge,1995,
MALE,   Tuv,2024,1985.7
MALE,   Tuv,2023,1533.5
MALE,   Tuv,2022,1146.6
MALE,   Tuv,2021,997.0
MALE,   Tuv,2020,937.9
MALE,   Tuv,2019,770.8
MALE,   Tuv,2018,673.4
MALE,   Tuv,2017,654.1
MALE,   Tuv,2016,609.9
MALE,   Tuv,2015,577.0
MALE,   Tuv,2014,562.0
MALE,   Tuv,2013,549.2
MALE,   Tuv,2012,461.3
MALE,   Tuv,2011,321.7
MALE,   Tuv,2010,275.6
MALE,   Tuv,2009,249.1
MALE,   Tuv,2008,236.6
MALE,   Tuv,2007,141.8
MALE,   Tuv,2006,92.7
MALE,   Tuv,2005,71.7
MALE,   Tuv,2004,77.2
MALE,   Tuv,2003,78.4
MALE,   Tuv,2002,70.6
MALE,   Tuv,2001,59.9
MALE,   Tuv,2000,51.6
MALE,   Tuv,1999,
MALE,   Tuv,1998,
MALE,   Tuv,1997,
MALE,   Tuv,1996,
MALE,   Tuv,1995,
MALE,   Darkhan-Uul,2024,2403.2
MALE,   Darkhan-Uul,2023,1887.9
MALE,   Darkhan-Uul,2022,1454.3
MALE,   Darkhan-Uul,2021,1281.4
MALE,   Darkhan-Uul,2020,1200.8
MALE,   Darkhan-Uul,2019,1077.8
MALE,   Darkhan-Uul,2018,948.6
MALE,   Darkhan-Uul,2017,902.2
MALE,   Darkhan-Uul,2016,808.6
MALE,   Darkhan-Uul,2015,761.2
MALE,   Darkhan-Uul,2014,798.8
MALE,   Darkhan-Uul,2013,713.0
MALE,   Darkhan-Uul,2012,663.1
MALE,   Darkhan-Uul,2011,548.0
MALE,   Darkhan-Uul,2010,464.7
MALE,   Darkhan-Uul,2009,331.5
MALE,   Darkhan-Uul,2008,347.9
MALE,   Darkhan-Uul,2007,220.0
MALE,   Darkhan-Uul,2006,174.6
MALE,   Darkhan-Uul,2005,142.2
MALE,   Darkhan-Uul,2004,144.0
MALE,   Darkhan-Uul,2003,110.9
MALE,   Darkhan-Uul,2002,94.5
MALE,   Darkhan-Uul,2001,79.8
MALE,   Darkhan-Uul,2000,74.0
MALE,   Darkhan-Uul,1999,
MALE,   Darkhan-Uul,1998,
MALE,   Darkhan-Uul,1997,
MALE,   Darkhan-Uul,1996,
MALE,   Darkhan-Uul,1995,
MALE,   Govisumber,2024,2642.1
MALE,   Govisumber,2023,2114.0
MALE,   Govisumber,2022,1699.1
MALE,   Govisumber,2021,1424.3
MALE,   Govisumber,2020,1316.8
MALE,   Govisumber,2019,1183.4
MALE,   Govisumber,2018,1038.9
MALE,   Govisumber,2017,988.3
MALE,   Govisumber,2016,886.9
MALE,   Govisumber,2015,834.8
MALE,   Govisumber,2014,822.4
MALE,   Govisumber,2013,853.3
MALE,   Govisumber,2012,795.2
MALE,   Govisumber,2011,664.9
MALE,   Govisumber,2010,604.8
MALE,   Govisumber,2009,454.8
MALE,   Govisumber,2008,400.9
MALE,   Govisumber,2007,252.2
MALE,   Govisumber,2006,211.6
MALE,   Govisumber,2005,165.9
MALE,   Govisumber,2004,132.5
MALE,   Govisumber,2003,117.6
MALE,   Govisumber,2002,93.5
MALE,   Govisumber,2001,76.3
MALE,   Govisumber,2000,77.5
MALE,   Govisumber,1999,
MALE,   Govisumber,1998,
MALE,   Govisumber,1997,
MALE,   Govisumber,1996,
MALE,   Govisumber,1995,
MALE,Eastern region,2024,2194.3
MALE,Eastern region,2023,1715.8
MALE,Eastern region,2022,1244.3
MALE,Eastern region,2021,1103.7
MALE,Eastern region,2020,1048.5
MALE,Eastern region,2019,899.5
MALE,Eastern region,2018,778.5
MALE,Eastern region,2017,737.2
MALE,Eastern region,2016,679.4
MALE,Eastern region,2015,647.8
MALE,Eastern region,2014,615.7
MALE,Eastern region,2013,652.5
MALE,Eastern region,2012,504.3
MALE,Eastern region,2011,385.5
MALE,Eastern region,2010,317.4
MALE,Eastern region,2009,287.3
MALE,Eastern region,2008,267.6
MALE,Eastern region,2007,172.5
MALE,Eastern region,2006,119.0
MALE,Eastern region,2005,93.8
MALE,Eastern region,2004,81.0
MALE,Eastern region,2003,71.6
MALE,Eastern region,2002,60.8
MALE,Eastern region,2001,56.7
MALE,Eastern region,2000,49.3
MALE,Eastern region,1999,
MALE,Eastern region,1998,
MALE,Eastern region,1997,
MALE,Eastern region,1996,
MALE,Eastern region,1995,
MALE,   Dornod,2024,2215.3
MALE,   Dornod,2023,1817.7
MALE,   Dornod,2022,1271.4
MALE,   Dornod,2021,1125.9
MALE,   Dornod,2020,1064.5
MALE,   Dornod,2019,931.7
MALE,   Dornod,2018,836.3
MALE,   Dornod,2017,811.5
MALE,   Dornod,2016,724.3
MALE,   Dornod,2015,700.5
MALE,   Dornod,2014,646.8
MALE,   Dornod,2013,662.6
MALE,   Dornod,2012,615.7
MALE,   Dornod,2011,460.6
MALE,   Dornod,2010,360.9
MALE,   Dornod,2009,322.1
MALE,   Dornod,2008,294.7
MALE,   Dornod,2007,179.0
MALE,   Dornod,2006,132.8
MALE,   Dornod,2005,102.5
MALE,   Dornod,2004,79.8
MALE,   Dornod,2003,70.1
MALE,   Dornod,2002,60.7
MALE,   Dornod,2001,54.1
MALE,   Dornod,2000,45.9
MALE,   Dornod,1999,
MALE,   Dornod,1998,
MALE,   Dornod,1997,
MALE,   Dornod,1996,
MALE,   Dornod,1995,
MALE,   Sukhbaatar,2024,2030.9
MALE,   Sukhbaatar,2023,1488.6
MALE,   Sukhbaatar,2022,1119.2
MALE,   Sukhbaatar,2021,980.1
MALE,   Sukhbaatar,2020,941.8
MALE,   Sukhbaatar,2019,826.8
MALE,   Sukhbaatar,2018,724.7
MALE,   Sukhbaatar,2017,688.1
MALE,   Sukhbaatar,2016,650.2
MALE,   Sukhbaatar,2015,610.1
MALE,   Sukhbaatar,2014,576.4
MALE,   Sukhbaatar,2013,660.7
MALE,   Sukhbaatar,2012,426.2
MALE,   Sukhbaatar,2011,335.3
MALE,   Sukhbaatar,2010,283.0
MALE,   Sukhbaatar,2009,284.1
MALE,   Sukhbaatar,2008,271.2
MALE,   Sukhbaatar,2007,200.7
MALE,   Sukhbaatar,2006,116.3
MALE,   Sukhbaatar,2005,87.2
MALE,   Sukhbaatar,2004,86.8
MALE,   Sukhbaatar,2003,72.2
MALE,   Sukhbaatar,2002,62.9
MALE,   Sukhbaatar,2001,63.2
MALE,   Sukhbaatar,2000,62.0
MALE,   Sukhbaatar,1999,
MALE,   Sukhbaatar,1998,
MALE,   Sukhbaatar,1997,
MALE,   Sukhbaatar,1996,
MALE,   Sukhbaatar,1995,
MALE,   Khentii,2024,2297.5
MALE,   Khentii,2023,1762.9
MALE,   Khentii,2022,1300.7
MALE,   Khentii,2021,1165.9
MALE,   Khentii,2020,1105.4
MALE,   Khentii,2019,914.7
MALE,   Khentii,2018,746.8
MALE,   Khentii,2017,681.6
MALE,   Khentii,2016,645.6
MALE,   Khentii,2015,615.4
MALE,   Khentii,2014,611.5
MALE,   Khentii,2013,626.2
MALE,   Khentii,2012,368.6
MALE,   Khentii,2011,292.8
MALE,   Khentii,2010,226.6
MALE,   Khentii,2009,198.1
MALE,   Khentii,2008,191.7
MALE,   Khentii,2007,123.1
MALE,   Khentii,2006,96.2
MALE,   Khentii,2005,84.6
MALE,   Khentii,2004,76.4
MALE,   Khentii,2003,68.8
MALE,   Khentii,2002,58.0
MALE,   Khentii,2001,53.9
MALE,   Khentii,2000,42.3
MALE,   Khentii,1999,
MALE,   Khentii,1998,
MALE,   Khentii,1997,
MALE,   Khentii,1996,
MALE,   Khentii,1995,
MALE,Ulaanbaatar,2024,2650.5
MALE,Ulaanbaatar,2023,2196.4
MALE,Ulaanbaatar,2022,1742.3
MALE,Ulaanbaatar,2021,1486.2
MALE,Ulaanbaatar,2020,1419.6
MALE,Ulaanbaatar,2019,1329.1
MALE,Ulaanbaatar,2018,1217.2
MALE,Ulaanbaatar,2017,1152.3
MALE,Ulaanbaatar,2016,1002.0
MALE,Ulaanbaatar,2015,922.4
MALE,Ulaanbaatar,2014,931.8
MALE,Ulaanbaatar,2013,924.0
MALE,Ulaanbaatar,2012,655.7
MALE,Ulaanbaatar,2011,532.1
MALE,Ulaanbaatar,2010,413.2
MALE,Ulaanbaatar,2009,368.2
MALE,Ulaanbaatar,2008,299.4
MALE,Ulaanbaatar,2007,204.5
MALE,Ulaanbaatar,2006,148.5
MALE,Ulaanbaatar,2005,112.2
MALE,Ulaanbaatar,2004,98.0
MALE,Ulaanbaatar,2003,95.3
MALE,Ulaanbaatar,2002,89.3
MALE,Ulaanbaatar,2001,83.0
MALE,Ulaanbaatar,2000,73.6
MALE,Ulaanbaatar,1999,
MALE,Ulaanbaatar,1998,
MALE,Ulaanbaatar,1997,
MALE,Ulaanbaatar,1996,
MALE,Ulaanbaatar,1995,
MALE,   Ulaanbaatar,2024,2650.5
MALE,   Ulaanbaatar,2023,2196.4
MALE,   Ulaanbaatar,2022,1742.3
MALE,   Ulaanbaatar,2021,1486.2
MALE,   Ulaanbaatar,2020,1419.6
MALE,   Ulaanbaatar,2019,1329.1
MALE,   Ulaanbaatar,2018,1217.2
MALE,   Ulaanbaatar,2017,1152.3
MALE,   Ulaanbaatar,2016,1002.0
MALE,   Ulaanbaatar,2015,922.4
MALE,   Ulaanbaatar,2014,931.8
MALE,   Ulaanbaatar,2013,924.0
MALE,   Ulaanbaatar,2012,655.7
MALE,   Ulaanbaatar,2011,532.1
MALE,   Ulaanbaatar,2010,413.2
MALE,   Ulaanbaatar,2009,368.2
MALE,   Ulaanbaatar,2008,299.4
MALE,   Ulaanbaatar,2007,204.5
MALE,   Ulaanbaatar,2006,148.5
MALE,   Ulaanbaatar,2005,112.2
MALE,   Ulaanbaatar,2004,98.0
MALE,   Ulaanbaatar,2003,95.3
MALE,   Ulaanbaatar,2002,89.3
MALE,   Ulaanbaatar,2001,83.0
MALE,   Ulaanbaatar,2000,73.6
MALE,   Ulaanbaatar,1999,
MALE,   Ulaanbaatar,1998,
MALE,   Ulaanbaatar,1997,
MALE,   Ulaanbaatar,1996,
MALE,   Ulaanbaatar,1995,
